/* SPDX-License-Identifier: GPL-3.0-only */
/*
    ZEsarPCW -- Amstrad PCW libretro core (derived from ZEsarUX).
    Copyright (c) 2026 retrodiv <retrodiv@proton.me>. Distributed under the GNU General Public License v3
    (the same licence as ZEsarUX, Copyright (C) Cesar Hernandez Bano).
    GENERATED FILE -- do not edit by hand; re-run its generator (see below).
*/
/*
 * pcw_osk_skin_uk.h -- an on-screen-keyboard locale skin for the ZEsarPCW core.
 *
 * GENERATED by sources/mappings/gen_osk_skin.py from Keyboard_UK.png -- DO NOT EDIT BY HAND;
 * re-run the generator (read its header comment for the full design + the PNG
 * format). Consumed by src/libretro/pcw_osk.c, which renders these tables.
 *
 * The keyboard is the real PCW8256, decomposed so the empty-button styling is
 * separate from the legends:
 *   *_W/H, *_HEADER_H         panel size; rows 0..HEADER_H are the AMSTRAD
 *                             logo/divider (a baked sprite), the rest is keys.
 *   *_C_*                     bevel palette: a key is OUTER border on 4 sides,
 *                             INNER border on left/top/right, flat FACE -- so a
 *                             key of any width is reconstructed pixel-perfect by
 *                             rule (see template_pixel in pcw_osk.c; keep the two
 *                             in sync). LOCKOFF/LOCKON = SHIFT-LOCK dot colours.
 *   *_header[]                baked AMSTRAD header (RGBA, W x HEADER_H).
 *   *_labels[]/_bits[]        1bpp legend sprite per key (black text), copied
 *                             directly from the PNG; no font is synthesised.
 *   *_bakeds[]/_pix[]         RGBA sprites for irregular keys the bevel rule can't
 *                             draw (the tall stepped RETURN). 0 = transparent.
 *   *_keys[]                  one entry per key: x,y,w,h; PCW key-matrix cell
 *                             (prow,pmask, active-low) OR a util_teclas code;
 *                             kind (normal/shift/lock/alt/extra); flags
 *                             (NEEDS_SHIFT/BAKED/LOCKDOT); label/baked indices;
 *                             navrow (d-pad grouping); lock-dot xy; lx,ly =
 *                             the legend's exact offset in the key (kept from the
 *                             PNG, NOT re-centred, so legends match the art 1:1).
 *
 * The word-processor cluster follows its PCW numeric-keypad matrix positions;
 * see the generator header for the exact k0..k9 mapping.
 */
#ifndef PCW_OSK_SKIN_UK_INCLUDED
#define PCW_OSK_SKIN_UK_INCLUDED
#include "pcw_osk_skin_types.h"

#define PCW_OSK_SKIN_UK_W 360
#define PCW_OSK_SKIN_UK_H 133
#define PCW_OSK_SKIN_UK_HEADER_H 36

#define PCW_OSK_SKIN_UK_C_BG 0xFFEEF1EC
#define PCW_OSK_SKIN_UK_C_OUTER 0xFFA7ADA3
#define PCW_OSK_SKIN_UK_C_INNER 0xFFC6D1C7
#define PCW_OSK_SKIN_UK_C_FACE 0xFFBEC9BF
#define PCW_OSK_SKIN_UK_C_TEXT 0xFF000000
#define PCW_OSK_SKIN_UK_C_LOCKOFF 0xFF57000D
#define PCW_OSK_SKIN_UK_C_LOCKON 0xFFFF0000

static const uint32_t pcw_osk_skin_uk_header[PCW_OSK_SKIN_UK_W*PCW_OSK_SKIN_UK_HEADER_H] = {
  0xFFEEF1EC,0xFFEEF1EC,0xFFEEF1EC,0xFFEEF1EC,0xFFEEF1EC,0xFFEEF1EC,0xFFEEF1EC,0xFFEEF1EC,0xFFEEF1EC,0xFFEEF1EC,0xFFEEF1EC,0xFFEEF1EC,
  0xFFEEF1EC,0xFFEEF1EC,0xFFEEF1EC,0xFFEEF1EC,0xFFEEF1EC,0xFFEEF1EC,0xFFEEF1EC,0xFFEEF1EC,0xFFEEF1EC,0xFFEEF1EC,0xFFEEF1EC,0xFFEEF1EC,
  0xFFEEF1EC,0xFFEEF1EC,0xFFEEF1EC,0xFFEEF1EC,0xFFEEF1EC,0xFFEEF1EC,0xFFEEF1EC,0xFFEEF1EC,0xFFEEF1EC,0xFFEEF1EC,0xFFEEF1EC,0xFFEEF1EC,
  0xFFEEF1EC,0xFFEEF1EC,0xFFEEF1EC,0xFFEEF1EC,0xFFEEF1EC,0xFFEEF1EC,0xFFEEF1EC,0xFFEEF1EC,0xFFEEF1EC,0xFFEEF1EC,0xFFEEF1EC,0xFFEEF1EC,
  0xFFEEF1EC,0xFFEEF1EC,0xFFEEF1EC,0xFFEEF1EC,0xFFEEF1EC,0xFFEEF1EC,0xFFEEF1EC,0xFFEEF1EC,0xFFEEF1EC,0xFFEEF1EC,0xFFEEF1EC,0xFFEEF1EC,
  0xFFEEF1EC,0xFFEEF1EC,0xFFEEF1EC,0xFFEEF1EC,0xFFEEF1EC,0xFFEEF1EC,0xFFEEF1EC,0xFFEEF1EC,0xFFEEF1EC,0xFFEEF1EC,0xFFEEF1EC,0xFFEEF1EC,
  0xFFEEF1EC,0xFFEEF1EC,0xFFEEF1EC,0xFFEEF1EC,0xFFEEF1EC,0xFFEEF1EC,0xFFEEF1EC,0xFFEEF1EC,0xFFEEF1EC,0xFFEEF1EC,0xFFEEF1EC,0xFFEEF1EC,
  0xFFEEF1EC,0xFFEEF1EC,0xFFEEF1EC,0xFFEEF1EC,0xFFEEF1EC,0xFFEEF1EC,0xFFEEF1EC,0xFFEEF1EC,0xFFEEF1EC,0xFFEEF1EC,0xFFEEF1EC,0xFFEEF1EC,
  0xFFEEF1EC,0xFFEEF1EC,0xFFEEF1EC,0xFFEEF1EC,0xFFEEF1EC,0xFFEEF1EC,0xFFEEF1EC,0xFFEEF1EC,0xFFEEF1EC,0xFFEEF1EC,0xFFEEF1EC,0xFFEEF1EC,
  0xFFEEF1EC,0xFFEEF1EC,0xFFEEF1EC,0xFFEEF1EC,0xFFEEF1EC,0xFFEEF1EC,0xFFEEF1EC,0xFFEEF1EC,0xFFEEF1EC,0xFFEEF1EC,0xFFEEF1EC,0xFFEEF1EC,
  0xFFEEF1EC,0xFFEEF1EC,0xFFEEF1EC,0xFFEEF1EC,0xFFEEF1EC,0xFFEEF1EC,0xFFEEF1EC,0xFFEEF1EC,0xFFEEF1EC,0xFFEEF1EC,0xFFEEF1EC,0xFFEEF1EC,
  0xFFEEF1EC,0xFFEEF1EC,0xFFEEF1EC,0xFFEEF1EC,0xFFEEF1EC,0xFFEEF1EC,0xFFEEF1EC,0xFFEEF1EC,0xFFEEF1EC,0xFFEEF1EC,0xFFEEF1EC,0xFFEEF1EC,
  0xFFEEF1EC,0xFFEEF1EC,0xFFEEF1EC,0xFFEEF1EC,0xFFEEF1EC,0xFFEEF1EC,0xFFEEF1EC,0xFFEEF1EC,0xFFEEF1EC,0xFFEEF1EC,0xFFEEF1EC,0xFFEEF1EC,
  0xFFEEF1EC,0xFFEEF1EC,0xFFEEF1EC,0xFFEEF1EC,0xFFEEF1EC,0xFFEEF1EC,0xFFEEF1EC,0xFFEEF1EC,0xFFEEF1EC,0xFFEEF1EC,0xFFEEF1EC,0xFFEEF1EC,
  0xFFEEF1EC,0xFFEEF1EC,0xFFEEF1EC,0xFFEEF1EC,0xFFEEF1EC,0xFFEEF1EC,0xFFEEF1EC,0xFFEEF1EC,0xFFEEF1EC,0xFFEEF1EC,0xFFEEF1EC,0xFFEEF1EC,
  0xFFEEF1EC,0xFFEEF1EC,0xFFEEF1EC,0xFFEEF1EC,0xFFEEF1EC,0xFFEEF1EC,0xFFEEF1EC,0xFFEEF1EC,0xFFEEF1EC,0xFFEEF1EC,0xFFEEF1EC,0xFFEEF1EC,
  0xFFEEF1EC,0xFFEEF1EC,0xFFEEF1EC,0xFFEEF1EC,0xFFEEF1EC,0xFFEEF1EC,0xFFEEF1EC,0xFFEEF1EC,0xFFEEF1EC,0xFFEEF1EC,0xFFEEF1EC,0xFFEEF1EC,
  0xFFEEF1EC,0xFFEEF1EC,0xFFEEF1EC,0xFFEEF1EC,0xFFEEF1EC,0xFFEEF1EC,0xFFEEF1EC,0xFFEEF1EC,0xFFEEF1EC,0xFFEEF1EC,0xFFEEF1EC,0xFFEEF1EC,
  0xFFEEF1EC,0xFFEEF1EC,0xFFEEF1EC,0xFFEEF1EC,0xFFEEF1EC,0xFFEEF1EC,0xFFEEF1EC,0xFFEEF1EC,0xFFEEF1EC,0xFFEEF1EC,0xFFEEF1EC,0xFFEEF1EC,
  0xFFEEF1EC,0xFFEEF1EC,0xFFEEF1EC,0xFFEEF1EC,0xFFEEF1EC,0xFFEEF1EC,0xFFEEF1EC,0xFFEEF1EC,0xFFEEF1EC,0xFFEEF1EC,0xFFEEF1EC,0xFFEEF1EC,
  0xFFEEF1EC,0xFFEEF1EC,0xFFEEF1EC,0xFFEEF1EC,0xFFEEF1EC,0xFFEEF1EC,0xFFEEF1EC,0xFFEEF1EC,0xFFEEF1EC,0xFFEEF1EC,0xFFEEF1EC,0xFFEEF1EC,
  0xFFEEF1EC,0xFFEEF1EC,0xFFEEF1EC,0xFFEEF1EC,0xFFEEF1EC,0xFFEEF1EC,0xFFEEF1EC,0xFFEEF1EC,0xFFEEF1EC,0xFFEEF1EC,0xFFEEF1EC,0xFFEEF1EC,
  0xFFEEF1EC,0xFFEEF1EC,0xFFEEF1EC,0xFFEEF1EC,0xFFEEF1EC,0xFFEEF1EC,0xFFEEF1EC,0xFFEEF1EC,0xFFEEF1EC,0xFFEEF1EC,0xFFEEF1EC,0xFFEEF1EC,
  0xFFEEF1EC,0xFFEEF1EC,0xFFEEF1EC,0xFFEEF1EC,0xFFEEF1EC,0xFFEEF1EC,0xFFEEF1EC,0xFFEEF1EC,0xFFEEF1EC,0xFFEEF1EC,0xFFEEF1EC,0xFFEEF1EC,
  0xFFEEF1EC,0xFFEEF1EC,0xFFEEF1EC,0xFFEEF1EC,0xFFEEF1EC,0xFFEEF1EC,0xFFEEF1EC,0xFFEEF1EC,0xFFEEF1EC,0xFFEEF1EC,0xFFEEF1EC,0xFFEEF1EC,
  0xFFEEF1EC,0xFFEEF1EC,0xFFEEF1EC,0xFFEEF1EC,0xFFEEF1EC,0xFFEEF1EC,0xFFEEF1EC,0xFFEEF1EC,0xFFEEF1EC,0xFFEEF1EC,0xFFEEF1EC,0xFFEEF1EC,
  0xFFEEF1EC,0xFFEEF1EC,0xFFEEF1EC,0xFFEEF1EC,0xFFEEF1EC,0xFFEEF1EC,0xFFEEF1EC,0xFFEEF1EC,0xFFEEF1EC,0xFFEEF1EC,0xFFEEF1EC,0xFFEEF1EC,
  0xFFEEF1EC,0xFFEEF1EC,0xFFEEF1EC,0xFFEEF1EC,0xFFEEF1EC,0xFFEEF1EC,0xFFEEF1EC,0xFFEEF1EC,0xFFEEF1EC,0xFFEEF1EC,0xFFEEF1EC,0xFFEEF1EC,
  0xFFEEF1EC,0xFFEEF1EC,0xFFEEF1EC,0xFFEEF1EC,0xFFEEF1EC,0xFFEEF1EC,0xFFEEF1EC,0xFFEEF1EC,0xFFEEF1EC,0xFFEEF1EC,0xFFEEF1EC,0xFFEEF1EC,
  0xFFEEF1EC,0xFFEEF1EC,0xFFEEF1EC,0xFFEEF1EC,0xFFEEF1EC,0xFFEEF1EC,0xFFEEF1EC,0xFFEEF1EC,0xFFEEF1EC,0xFFEEF1EC,0xFFEEF1EC,0xFFEEF1EC,
  0xFFEEF1EC,0xFFEEF1EC,0xFFEEF1EC,0xFFEEF1EC,0xFFEEF1EC,0xFFEEF1EC,0xFFEEF1EC,0xFFEEF1EC,0xFFEEF1EC,0xFFEEF1EC,0xFFEEF1EC,0xFFEEF1EC,
  0xFFEEF1EC,0xFFEEF1EC,0xFFEEF1EC,0xFFEEF1EC,0xFFEEF1EC,0xFFEEF1EC,0xFFEEF1EC,0xFFEEF1EC,0xFFEEF1EC,0xFFEEF1EC,0xFFEEF1EC,0xFFEEF1EC,
  0xFFEEF1EC,0xFFEEF1EC,0xFFEEF1EC,0xFFEEF1EC,0xFFEEF1EC,0xFFEEF1EC,0xFFEEF1EC,0xFFEEF1EC,0xFFEEF1EC,0xFFEEF1EC,0xFFEEF1EC,0xFFEEF1EC,
  0xFFEEF1EC,0xFFEEF1EC,0xFFEEF1EC,0xFFEEF1EC,0xFFEEF1EC,0xFFEEF1EC,0xFFEEF1EC,0xFFEEF1EC,0xFFEEF1EC,0xFFEEF1EC,0xFFEEF1EC,0xFFEEF1EC,
  0xFFEEF1EC,0xFFEEF1EC,0xFFEEF1EC,0xFFEEF1EC,0xFFEEF1EC,0xFFEEF1EC,0xFFEEF1EC,0xFFEEF1EC,0xFFEEF1EC,0xFFEEF1EC,0xFFEEF1EC,0xFFEEF1EC,
  0xFFEEF1EC,0xFFEEF1EC,0xFFEEF1EC,0xFFEEF1EC,0xFFEEF1EC,0xFFEEF1EC,0xFFEEF1EC,0xFFEEF1EC,0xFFEEF1EC,0xFFEEF1EC,0xFFEEF1EC,0xFFEEF1EC,
  0xFFEEF1EC,0xFFEEF1EC,0xFFEEF1EC,0xFFEEF1EC,0xFFEEF1EC,0xFFEEF1EC,0xFFEEF1EC,0xFFEEF1EC,0xFFEEF1EC,0xFFEEF1EC,0xFFEEF1EC,0xFFEEF1EC,
  0xFFEEF1EC,0xFFEEF1EC,0xFFEEF1EC,0xFFEEF1EC,0xFFEEF1EC,0xFFEEF1EC,0xFFEEF1EC,0xFFEEF1EC,0xFFEEF1EC,0xFFEEF1EC,0xFFEEF1EC,0xFFEEF1EC,
  0xFFEEF1EC,0xFFEEF1EC,0xFFEEF1EC,0xFFEEF1EC,0xFFEEF1EC,0xFFEEF1EC,0xFFEEF1EC,0xFFEEF1EC,0xFFEEF1EC,0xFFEEF1EC,0xFFEEF1EC,0xFFEEF1EC,
  0xFFEEF1EC,0xFFEEF1EC,0xFFEEF1EC,0xFFEEF1EC,0xFFEEF1EC,0xFFEEF1EC,0xFFEEF1EC,0xFFEEF1EC,0xFFEEF1EC,0xFFEEF1EC,0xFFEEF1EC,0xFFEEF1EC,
  0xFFEEF1EC,0xFFEEF1EC,0xFFEEF1EC,0xFFEEF1EC,0xFFEEF1EC,0xFFEEF1EC,0xFFEEF1EC,0xFFEEF1EC,0xFFEEF1EC,0xFFEEF1EC,0xFFEEF1EC,0xFFEEF1EC,
  0xFFEEF1EC,0xFFEEF1EC,0xFFEEF1EC,0xFFEEF1EC,0xFFEEF1EC,0xFFEEF1EC,0xFFEEF1EC,0xFFEEF1EC,0xFFEEF1EC,0xFFEEF1EC,0xFFEEF1EC,0xFFEEF1EC,
  0xFFEEF1EC,0xFFEEF1EC,0xFFEEF1EC,0xFFEEF1EC,0xFFEEF1EC,0xFFEEF1EC,0xFFEEF1EC,0xFFEEF1EC,0xFFEEF1EC,0xFFEEF1EC,0xFFEEF1EC,0xFFEEF1EC,
  0xFFEEF1EC,0xFFEEF1EC,0xFFEEF1EC,0xFFEEF1EC,0xFFEEF1EC,0xFFEEF1EC,0xFFEEF1EC,0xFFEEF1EC,0xFFEEF1EC,0xFFEEF1EC,0xFFEEF1EC,0xFFEEF1EC,
  0xFFEEF1EC,0xFFEEF1EC,0xFFEEF1EC,0xFFEEF1EC,0xFFEEF1EC,0xFFEEF1EC,0xFFEEF1EC,0xFFEEF1EC,0xFFEEF1EC,0xFFEEF1EC,0xFFEEF1EC,0xFFEEF1EC,
  0xFFEEF1EC,0xFFEEF1EC,0xFFEEF1EC,0xFFEEF1EC,0xFFEEF1EC,0xFFEEF1EC,0xFFEEF1EC,0xFFEEF1EC,0xFFEEF1EC,0xFFEEF1EC,0xFFEEF1EC,0xFFEEF1EC,
  0xFFEEF1EC,0xFFEEF1EC,0xFFEEF1EC,0xFFEEF1EC,0xFFEEF1EC,0xFFEEF1EC,0xFFEEF1EC,0xFFEEF1EC,0xFFEEF1EC,0xFFEEF1EC,0xFFEEF1EC,0xFFEEF1EC,
  0xFFEEF1EC,0xFFEEF1EC,0xFFEEF1EC,0xFFEEF1EC,0xFFEEF1EC,0xFFEEF1EC,0xFFEEF1EC,0xFFEEF1EC,0xFFEEF1EC,0xFFEEF1EC,0xFFEEF1EC,0xFFEEF1EC,
  0xFFEEF1EC,0xFFEEF1EC,0xFFEEF1EC,0xFFEEF1EC,0xFFEEF1EC,0xFFEEF1EC,0xFFEEF1EC,0xFFEEF1EC,0xFFEEF1EC,0xFFEEF1EC,0xFFEEF1EC,0xFFEEF1EC,
  0xFFEEF1EC,0xFFEEF1EC,0xFFEEF1EC,0xFFEEF1EC,0xFFEEF1EC,0xFFEEF1EC,0xFFEEF1EC,0xFFEEF1EC,0xFFEEF1EC,0xFFEEF1EC,0xFFEEF1EC,0xFFEEF1EC,
  0xFFEEF1EC,0xFFEEF1EC,0xFFEEF1EC,0xFFEEF1EC,0xFFEEF1EC,0xFFEEF1EC,0xFFEEF1EC,0xFFEEF1EC,0xFFEEF1EC,0xFFEEF1EC,0xFFEEF1EC,0xFFEEF1EC,
  0xFFEEF1EC,0xFFEEF1EC,0xFFEEF1EC,0xFFEEF1EC,0xFFEEF1EC,0xFFEEF1EC,0xFFEEF1EC,0xFFEEF1EC,0xFFEEF1EC,0xFFEEF1EC,0xFFEEF1EC,0xFFEEF1EC,
  0xFFEEF1EC,0xFFEEF1EC,0xFFEEF1EC,0xFFEEF1EC,0xFFEEF1EC,0xFFEEF1EC,0xFFEEF1EC,0xFFEEF1EC,0xFFEEF1EC,0xFFEEF1EC,0xFFEEF1EC,0xFFEEF1EC,
  0xFFEEF1EC,0xFFEEF1EC,0xFFEEF1EC,0xFFEEF1EC,0xFFEEF1EC,0xFFEEF1EC,0xFFEEF1EC,0xFFEEF1EC,0xFFEEF1EC,0xFFEEF1EC,0xFFEEF1EC,0xFFEEF1EC,
  0xFFEEF1EC,0xFFEEF1EC,0xFFEEF1EC,0xFFEEF1EC,0xFFEEF1EC,0xFFEEF1EC,0xFFEEF1EC,0xFFEEF1EC,0xFFEEF1EC,0xFFEEF1EC,0xFFEEF1EC,0xFFEEF1EC,
  0xFFEEF1EC,0xFFEEF1EC,0xFFEEF1EC,0xFFEEF1EC,0xFFEEF1EC,0xFFEEF1EC,0xFFEEF1EC,0xFFEEF1EC,0xFFEEF1EC,0xFFEEF1EC,0xFFEEF1EC,0xFFEEF1EC,
  0xFFEEF1EC,0xFFEEF1EC,0xFFEEF1EC,0xFFEEF1EC,0xFFEEF1EC,0xFFEEF1EC,0xFFEEF1EC,0xFFEEF1EC,0xFFEEF1EC,0xFFEEF1EC,0xFFEEF1EC,0xFFEEF1EC,
  0xFFEEF1EC,0xFFEEF1EC,0xFFEEF1EC,0xFFEEF1EC,0xFFEEF1EC,0xFFEEF1EC,0xFFEEF1EC,0xFFEEF1EC,0xFFEEF1EC,0xFFEEF1EC,0xFFEEF1EC,0xFFEEF1EC,
  0xFFEEF1EC,0xFFEEF1EC,0xFFEEF1EC,0xFFEEF1EC,0xFFEEF1EC,0xFFEEF1EC,0xFFEEF1EC,0xFFEEF1EC,0xFFEEF1EC,0xFFEEF1EC,0xFFEEF1EC,0xFFEEF1EC,
  0xFFEEF1EC,0xFFEEF1EC,0xFFEEF1EC,0xFFEEF1EC,0xFFEEF1EC,0xFFEEF1EC,0xFFEEF1EC,0xFFEEF1EC,0xFFEEF1EC,0xFFEEF1EC,0xFFEEF1EC,0xFFEEF1EC,
  0xFFEEF1EC,0xFFEEF1EC,0xFFEEF1EC,0xFFEEF1EC,0xFFEEF1EC,0xFFEEF1EC,0xFFEEF1EC,0xFFEEF1EC,0xFFEEF1EC,0xFFEEF1EC,0xFFEEF1EC,0xFFEEF1EC,
  0xFFEEF1EC,0xFFEEF1EC,0xFFEEF1EC,0xFFEEF1EC,0xFFEEF1EC,0xFFEEF1EC,0xFFEEF1EC,0xFFEEF1EC,0xFFEEF1EC,0xFFEEF1EC,0xFFEEF1EC,0xFFEEF1EC,
  0xFFEEF1EC,0xFFEEF1EC,0xFFEEF1EC,0xFFEEF1EC,0xFFEEF1EC,0xFFEEF1EC,0xFFEEF1EC,0xFFEEF1EC,0xFFEEF1EC,0xFFEEF1EC,0xFFEEF1EC,0xFFEEF1EC,
  0xFFEEF1EC,0xFFEEF1EC,0xFFEEF1EC,0xFFEEF1EC,0xFFEEF1EC,0xFFEEF1EC,0xFFEEF1EC,0xFFEEF1EC,0xFFEEF1EC,0xFFEEF1EC,0xFFEEF1EC,0xFFEEF1EC,
  0xFFEEF1EC,0xFFEEF1EC,0xFFEEF1EC,0xFFEEF1EC,0xFFEEF1EC,0xFFEEF1EC,0xFFEEF1EC,0xFFEEF1EC,0xFFEEF1EC,0xFFEEF1EC,0xFFEEF1EC,0xFFEEF1EC,
  0xFFEEF1EC,0xFFEEF1EC,0xFFEEF1EC,0xFFEEF1EC,0xFFEEF1EC,0xFFEEF1EC,0xFFEEF1EC,0xFFEEF1EC,0xFFEEF1EC,0xFFEEF1EC,0xFFEEF1EC,0xFFEEF1EC,
  0xFFEEF1EC,0xFFEEF1EC,0xFFEEF1EC,0xFFEEF1EC,0xFFEEF1EC,0xFFEEF1EC,0xFFEEF1EC,0xFFEEF1EC,0xFFEEF1EC,0xFFEEF1EC,0xFFEEF1EC,0xFFEEF1EC,
  0xFFEEF1EC,0xFFEEF1EC,0xFFEEF1EC,0xFFEEF1EC,0xFFEEF1EC,0xFFEEF1EC,0xFFEEF1EC,0xFFEEF1EC,0xFFEEF1EC,0xFFEEF1EC,0xFFEEF1EC,0xFFEEF1EC,
  0xFFEEF1EC,0xFFEEF1EC,0xFFEEF1EC,0xFFEEF1EC,0xFFEEF1EC,0xFFEEF1EC,0xFFEEF1EC,0xFFEEF1EC,0xFFEEF1EC,0xFFEEF1EC,0xFFEEF1EC,0xFFEEF1EC,
  0xFFEEF1EC,0xFFEEF1EC,0xFFEEF1EC,0xFFEEF1EC,0xFFEEF1EC,0xFFEEF1EC,0xFFEEF1EC,0xFFEEF1EC,0xFFEEF1EC,0xFFEEF1EC,0xFFEEF1EC,0xFFEEF1EC,
  0xFFEEF1EC,0xFFEEF1EC,0xFFEEF1EC,0xFFEEF1EC,0xFFEEF1EC,0xFFEEF1EC,0xFFEEF1EC,0xFFEEF1EC,0xFFEEF1EC,0xFFEEF1EC,0xFFEEF1EC,0xFFEEF1EC,
  0xFFEEF1EC,0xFFEEF1EC,0xFFEEF1EC,0xFFEEF1EC,0xFFEEF1EC,0xFFEEF1EC,0xFFEEF1EC,0xFFEEF1EC,0xFFEEF1EC,0xFFEEF1EC,0xFFEEF1EC,0xFFEEF1EC,
  0xFFEEF1EC,0xFFEEF1EC,0xFFEEF1EC,0xFFEEF1EC,0xFFEEF1EC,0xFFEEF1EC,0xFFEEF1EC,0xFFEEF1EC,0xFFEEF1EC,0xFFEEF1EC,0xFFEEF1EC,0xFFEEF1EC,
  0xFFEEF1EC,0xFFEEF1EC,0xFFEEF1EC,0xFFEEF1EC,0xFFEEF1EC,0xFFEEF1EC,0xFFEEF1EC,0xFFEEF1EC,0xFFEEF1EC,0xFFEEF1EC,0xFFEEF1EC,0xFFEEF1EC,
  0xFFEEF1EC,0xFFEEF1EC,0xFFEEF1EC,0xFFEEF1EC,0xFFEEF1EC,0xFFEEF1EC,0xFFEEF1EC,0xFFEEF1EC,0xFFEEF1EC,0xFFEEF1EC,0xFFEEF1EC,0xFFEEF1EC,
  0xFFEEF1EC,0xFFEEF1EC,0xFFEEF1EC,0xFFEEF1EC,0xFFEEF1EC,0xFFEEF1EC,0xFFEEF1EC,0xFFEEF1EC,0xFFEEF1EC,0xFFEEF1EC,0xFFEEF1EC,0xFFEEF1EC,
  0xFFEEF1EC,0xFFEEF1EC,0xFFEEF1EC,0xFFEEF1EC,0xFFEEF1EC,0xFFEEF1EC,0xFFEEF1EC,0xFFEEF1EC,0xFFEEF1EC,0xFFEEF1EC,0xFFEEF1EC,0xFFEEF1EC,
  0xFFEEF1EC,0xFFEEF1EC,0xFFEEF1EC,0xFFEEF1EC,0xFFEEF1EC,0xFFEEF1EC,0xFFEEF1EC,0xFFEEF1EC,0xFFEEF1EC,0xFFEEF1EC,0xFFEEF1EC,0xFFEEF1EC,
  0xFFEEF1EC,0xFFEEF1EC,0xFFEEF1EC,0xFFEEF1EC,0xFFEEF1EC,0xFFEEF1EC,0xFFEEF1EC,0xFFEEF1EC,0xFFEEF1EC,0xFFEEF1EC,0xFFEEF1EC,0xFFEEF1EC,
  0xFFEEF1EC,0xFFEEF1EC,0xFFEEF1EC,0xFFEEF1EC,0xFFEEF1EC,0xFFEEF1EC,0xFFEEF1EC,0xFFEEF1EC,0xFFEEF1EC,0xFFEEF1EC,0xFFEEF1EC,0xFFEEF1EC,
  0xFFEEF1EC,0xFFEEF1EC,0xFFEEF1EC,0xFFEEF1EC,0xFFEEF1EC,0xFFEEF1EC,0xFFEEF1EC,0xFFEEF1EC,0xFFEEF1EC,0xFFEEF1EC,0xFFEEF1EC,0xFFEEF1EC,
  0xFFEEF1EC,0xFFEEF1EC,0xFFEEF1EC,0xFFEEF1EC,0xFFEEF1EC,0xFFEEF1EC,0xFFEEF1EC,0xFFEEF1EC,0xFFEEF1EC,0xFFEEF1EC,0xFFEEF1EC,0xFFEEF1EC,
  0xFFEEF1EC,0xFFEEF1EC,0xFFEEF1EC,0xFFEEF1EC,0xFFEEF1EC,0xFFEEF1EC,0xFFEEF1EC,0xFFEEF1EC,0xFFEEF1EC,0xFFEEF1EC,0xFFEEF1EC,0xFFEEF1EC,
  0xFFEEF1EC,0xFFEEF1EC,0xFFEEF1EC,0xFFEEF1EC,0xFFEEF1EC,0xFFEEF1EC,0xFFEEF1EC,0xFFEEF1EC,0xFFEEF1EC,0xFFEEF1EC,0xFFEEF1EC,0xFFEEF1EC,
  0xFFEEF1EC,0xFFEEF1EC,0xFFEEF1EC,0xFFEEF1EC,0xFFEEF1EC,0xFFEEF1EC,0xFFEEF1EC,0xFFEEF1EC,0xFFEEF1EC,0xFFEEF1EC,0xFFEEF1EC,0xFFEEF1EC,
  0xFFEEF1EC,0xFFEEF1EC,0xFFEEF1EC,0xFFEEF1EC,0xFFEEF1EC,0xFFEEF1EC,0xFFEEF1EC,0xFFEEF1EC,0xFFEEF1EC,0xFFEEF1EC,0xFFEEF1EC,0xFFEEF1EC,
  0xFFEEF1EC,0xFFEEF1EC,0xFFEEF1EC,0xFFEEF1EC,0xFFEEF1EC,0xFFEEF1EC,0xFFEEF1EC,0xFFEEF1EC,0xFFEEF1EC,0xFFEEF1EC,0xFFEEF1EC,0xFFEEF1EC,
  0xFFEEF1EC,0xFFEEF1EC,0xFFEEF1EC,0xFFEEF1EC,0xFFEEF1EC,0xFFEEF1EC,0xFFEEF1EC,0xFFEEF1EC,0xFFEEF1EC,0xFFEEF1EC,0xFFEEF1EC,0xFFEEF1EC,
  0xFFEEF1EC,0xFFEEF1EC,0xFFEEF1EC,0xFFEEF1EC,0xFFEEF1EC,0xFFEEF1EC,0xFFEEF1EC,0xFFEEF1EC,0xFFEEF1EC,0xFFEEF1EC,0xFFEEF1EC,0xFFEEF1EC,
  0xFFEEF1EC,0xFFEEF1EC,0xFFEEF1EC,0xFFEEF1EC,0xFFEEF1EC,0xFFEEF1EC,0xFFEEF1EC,0xFFEEF1EC,0xFFEEF1EC,0xFFEEF1EC,0xFFEEF1EC,0xFFEEF1EC,
  0xFFEEF1EC,0xFFEEF1EC,0xFFEEF1EC,0xFFEEF1EC,0xFFEEF1EC,0xFFEEF1EC,0xFFEEF1EC,0xFFEEF1EC,0xFFEEF1EC,0xFFEEF1EC,0xFFEEF1EC,0xFFEEF1EC,
  0xFFEEF1EC,0xFFEEF1EC,0xFFEEF1EC,0xFFEEF1EC,0xFFEEF1EC,0xFFEEF1EC,0xFFEEF1EC,0xFFEEF1EC,0xFFEEF1EC,0xFFEEF1EC,0xFFEEF1EC,0xFFEEF1EC,
  0xFFEEF1EC,0xFFEEF1EC,0xFFEEF1EC,0xFFEEF1EC,0xFFEEF1EC,0xFFEEF1EC,0xFFEEF1EC,0xFFEEF1EC,0xFFEEF1EC,0xFFEEF1EC,0xFFEEF1EC,0xFFEEF1EC,
  0xFFEEF1EC,0xFFEEF1EC,0xFFEEF1EC,0xFFEEF1EC,0xFFEEF1EC,0xFFEEF1EC,0xFFEEF1EC,0xFFEEF1EC,0xFFEEF1EC,0xFFEEF1EC,0xFFEEF1EC,0xFFEEF1EC,
  0xFFEEF1EC,0xFFEEF1EC,0xFFEEF1EC,0xFFEEF1EC,0xFFEEF1EC,0xFFEEF1EC,0xFFEEF1EC,0xFFEEF1EC,0xFFEEF1EC,0xFFEEF1EC,0xFFEEF1EC,0xFFEEF1EC,
  0xFFEEF1EC,0xFFEEF1EC,0xFFEEF1EC,0xFFEEF1EC,0xFFEEF1EC,0xFFEEF1EC,0xFFEEF1EC,0xFFEEF1EC,0xFFEEF1EC,0xFFEEF1EC,0xFFEEF1EC,0xFFEEF1EC,
  0xFFEEF1EC,0xFFEEF1EC,0xFFEEF1EC,0xFFEEF1EC,0xFFEEF1EC,0xFFEEF1EC,0xFFEEF1EC,0xFFEEF1EC,0xFFEEF1EC,0xFFEEF1EC,0xFFEEF1EC,0xFFEEF1EC,
  0xFFEEF1EC,0xFFEEF1EC,0xFFEEF1EC,0xFFEEF1EC,0xFFEEF1EC,0xFFEEF1EC,0xFFEEF1EC,0xFFEEF1EC,0xFFEEF1EC,0xFFEEF1EC,0xFFEEF1EC,0xFFEEF1EC,
  0xFFEEF1EC,0xFFEEF1EC,0xFFEEF1EC,0xFFEEF1EC,0xFFEEF1EC,0xFFEEF1EC,0xFFEEF1EC,0xFFEEF1EC,0xFFEEF1EC,0xFFEEF1EC,0xFFEEF1EC,0xFFEEF1EC,
  0xFFEEF1EC,0xFFEEF1EC,0xFFEEF1EC,0xFFEEF1EC,0xFFEEF1EC,0xFFEEF1EC,0xFFEEF1EC,0xFFEEF1EC,0xFFEEF1EC,0xFFEEF1EC,0xFFEEF1EC,0xFFEEF1EC,
  0xFFEEF1EC,0xFFEEF1EC,0xFFEEF1EC,0xFFEEF1EC,0xFFEEF1EC,0xFFEEF1EC,0xFFEEF1EC,0xFFEEF1EC,0xFFEEF1EC,0xFFEEF1EC,0xFFEEF1EC,0xFFEEF1EC,
  0xFFEEF1EC,0xFFEEF1EC,0xFFEEF1EC,0xFFEEF1EC,0xFFEEF1EC,0xFFEEF1EC,0xFFEEF1EC,0xFFEEF1EC,0xFFEEF1EC,0xFFEEF1EC,0xFFEEF1EC,0xFFEEF1EC,
  0xFFEEF1EC,0xFFEEF1EC,0xFFEEF1EC,0xFFEEF1EC,0xFFEEF1EC,0xFFEEF1EC,0xFFEEF1EC,0xFFEEF1EC,0xFFEEF1EC,0xFFEEF1EC,0xFFEEF1EC,0xFFEEF1EC,
  0xFFEEF1EC,0xFFEEF1EC,0xFFEEF1EC,0xFFEEF1EC,0xFFEEF1EC,0xFFEEF1EC,0xFFEEF1EC,0xFFEEF1EC,0xFFEEF1EC,0xFFEEF1EC,0xFFEEF1EC,0xFFEEF1EC,
  0xFFEEF1EC,0xFFEEF1EC,0xFFEEF1EC,0xFFEEF1EC,0xFFEEF1EC,0xFFEEF1EC,0xFFEEF1EC,0xFFEEF1EC,0xFFEEF1EC,0xFFEEF1EC,0xFFEEF1EC,0xFFEEF1EC,
  0xFFEEF1EC,0xFFEEF1EC,0xFFEEF1EC,0xFFEEF1EC,0xFFEEF1EC,0xFFEEF1EC,0xFFEEF1EC,0xFFEEF1EC,0xFFEEF1EC,0xFFEEF1EC,0xFFEEF1EC,0xFFEEF1EC,
  0xFFEEF1EC,0xFFEEF1EC,0xFFEEF1EC,0xFFEEF1EC,0xFFEEF1EC,0xFFEEF1EC,0xFFEEF1EC,0xFFEEF1EC,0xFFEEF1EC,0xFFEEF1EC,0xFFEEF1EC,0xFFEEF1EC,
  0xFFEEF1EC,0xFFEEF1EC,0xFFEEF1EC,0xFFEEF1EC,0xFFEEF1EC,0xFFEEF1EC,0xFFEEF1EC,0xFFEEF1EC,0xFFEEF1EC,0xFFEEF1EC,0xFFEEF1EC,0xFFEEF1EC,
  0xFFEEF1EC,0xFFEEF1EC,0xFFEEF1EC,0xFFEEF1EC,0xFFEEF1EC,0xFFEEF1EC,0xFFEEF1EC,0xFFEEF1EC,0xFFEEF1EC,0xFFEEF1EC,0xFFEEF1EC,0xFFEEF1EC,
  0xFFEEF1EC,0xFFEEF1EC,0xFFEEF1EC,0xFFEEF1EC,0xFFEEF1EC,0xFFEEF1EC,0xFFEEF1EC,0xFFEEF1EC,0xFFEEF1EC,0xFFEEF1EC,0xFFEEF1EC,0xFFEEF1EC,
  0xFFEEF1EC,0xFFEEF1EC,0xFFEEF1EC,0xFFEEF1EC,0xFFEEF1EC,0xFFEEF1EC,0xFFEEF1EC,0xFFEEF1EC,0xFFEEF1EC,0xFFEEF1EC,0xFFEEF1EC,0xFFEEF1EC,
  0xFFEEF1EC,0xFFEEF1EC,0xFFEEF1EC,0xFFEEF1EC,0xFFEEF1EC,0xFFEEF1EC,0xFFEEF1EC,0xFFEEF1EC,0xFFEEF1EC,0xFFEEF1EC,0xFFEEF1EC,0xFFEEF1EC,
  0xFFEEF1EC,0xFFEEF1EC,0xFFEEF1EC,0xFFEEF1EC,0xFFEEF1EC,0xFFEEF1EC,0xFFEEF1EC,0xFFEEF1EC,0xFFEEF1EC,0xFFEEF1EC,0xFFEEF1EC,0xFFEEF1EC,
  0xFFEEF1EC,0xFFEEF1EC,0xFFEEF1EC,0xFFEEF1EC,0xFFEEF1EC,0xFFEEF1EC,0xFFEEF1EC,0xFFEEF1EC,0xFFEEF1EC,0xFFEEF1EC,0xFFEEF1EC,0xFFEEF1EC,
  0xFFEEF1EC,0xFFEEF1EC,0xFFEEF1EC,0xFFEEF1EC,0xFFEEF1EC,0xFFEEF1EC,0xFFEEF1EC,0xFFEEF1EC,0xFFEEF1EC,0xFFEEF1EC,0xFFEEF1EC,0xFFEEF1EC,
  0xFFEEF1EC,0xFFEEF1EC,0xFFEEF1EC,0xFFEEF1EC,0xFFEEF1EC,0xFFEEF1EC,0xFFEEF1EC,0xFFEEF1EC,0xFFEEF1EC,0xFFEEF1EC,0xFFEEF1EC,0xFFEEF1EC,
  0xFFEEF1EC,0xFFEEF1EC,0xFFEEF1EC,0xFFEEF1EC,0xFFEEF1EC,0xFFEEF1EC,0xFFEEF1EC,0xFFEEF1EC,0xFFEEF1EC,0xFFEEF1EC,0xFFEEF1EC,0xFFEEF1EC,
  0xFFEEF1EC,0xFFEEF1EC,0xFFEEF1EC,0xFFEEF1EC,0xFFEEF1EC,0xFFEEF1EC,0xFFEEF1EC,0xFFEEF1EC,0xFFEEF1EC,0xFFEEF1EC,0xFFEEF1EC,0xFFEEF1EC,
  0xFFEEF1EC,0xFFEEF1EC,0xFFEEF1EC,0xFFEEF1EC,0xFFEEF1EC,0xFFEEF1EC,0xFFEEF1EC,0xFFEEF1EC,0xFFEEF1EC,0xFFEEF1EC,0xFFEEF1EC,0xFFEEF1EC,
  0xFFEEF1EC,0xFFEEF1EC,0xFFEEF1EC,0xFFEEF1EC,0xFFEEF1EC,0xFFEEF1EC,0xFFEEF1EC,0xFFEEF1EC,0xFFEEF1EC,0xFFEEF1EC,0xFFEEF1EC,0xFFEEF1EC,
  0xFFEEF1EC,0xFFEEF1EC,0xFFEEF1EC,0xFFEEF1EC,0xFFEEF1EC,0xFFEEF1EC,0xFFEEF1EC,0xFFEEF1EC,0xFFEEF1EC,0xFFEEF1EC,0xFF3D576E,0xFF3D576E,
  0xFF3D576E,0xFF3D576E,0xFF3D576E,0xFF3D576E,0xFF3D576E,0xFF3D576E,0xFF3D576E,0xFF3D576E,0xFF3D576E,0xFF3D576E,0xFF3D576E,0xFF3D576E,
  0xFF3D576E,0xFF3D576E,0xFF3D576E,0xFF3D576E,0xFF3D576E,0xFF3D576E,0xFF3D576E,0xFF3D576E,0xFF3D576E,0xFF3D576E,0xFF3D576E,0xFF3D576E,
  0xFF3D576E,0xFF3D576E,0xFF3D576E,0xFF3D576E,0xFF3D576E,0xFF3D576E,0xFF3D576E,0xFF3D576E,0xFF3D576E,0xFF3D576E,0xFF3D576E,0xFF3D576E,
  0xFF3D576E,0xFF3D576E,0xFF3D576E,0xFF3D576E,0xFF3D576E,0xFF3D576E,0xFF3D576E,0xFF3D576E,0xFF3D576E,0xFF3D576E,0xFF3D576E,0xFF3D576E,
  0xFF3D576E,0xFF3D576E,0xFF3D576E,0xFF3D576E,0xFF3D576E,0xFFEEF1EC,0xFFEEF1EC,0xFFEEF1EC,0xFFEEF1EC,0xFFEEF1EC,0xFFEEF1EC,0xFFEEF1EC,
  0xFFEEF1EC,0xFFEEF1EC,0xFFEEF1EC,0xFFEEF1EC,0xFFEEF1EC,0xFFEEF1EC,0xFFEEF1EC,0xFFEEF1EC,0xFFEEF1EC,0xFFEEF1EC,0xFFEEF1EC,0xFFEEF1EC,
  0xFFEEF1EC,0xFFEEF1EC,0xFFEEF1EC,0xFFEEF1EC,0xFFEEF1EC,0xFFEEF1EC,0xFFEEF1EC,0xFFEEF1EC,0xFFEEF1EC,0xFFEEF1EC,0xFFEEF1EC,0xFFEEF1EC,
  0xFFEEF1EC,0xFFEEF1EC,0xFFEEF1EC,0xFFEEF1EC,0xFFEEF1EC,0xFFEEF1EC,0xFFEEF1EC,0xFFEEF1EC,0xFFEEF1EC,0xFFEEF1EC,0xFFEEF1EC,0xFFEEF1EC,
  0xFFEEF1EC,0xFFEEF1EC,0xFFEEF1EC,0xFFEEF1EC,0xFFEEF1EC,0xFFEEF1EC,0xFFEEF1EC,0xFFEEF1EC,0xFFEEF1EC,0xFFEEF1EC,0xFFEEF1EC,0xFFEEF1EC,
  0xFFEEF1EC,0xFFEEF1EC,0xFFEEF1EC,0xFFEEF1EC,0xFFEEF1EC,0xFFEEF1EC,0xFFEEF1EC,0xFFEEF1EC,0xFFEEF1EC,0xFFEEF1EC,0xFFEEF1EC,0xFFEEF1EC,
  0xFFEEF1EC,0xFFEEF1EC,0xFFEEF1EC,0xFFEEF1EC,0xFFEEF1EC,0xFFEEF1EC,0xFFEEF1EC,0xFFEEF1EC,0xFFEEF1EC,0xFFEEF1EC,0xFFEEF1EC,0xFFEEF1EC,
  0xFFEEF1EC,0xFFEEF1EC,0xFFEEF1EC,0xFFEEF1EC,0xFFEEF1EC,0xFFEEF1EC,0xFFEEF1EC,0xFFEEF1EC,0xFFEEF1EC,0xFFEEF1EC,0xFFEEF1EC,0xFFEEF1EC,
  0xFFEEF1EC,0xFFEEF1EC,0xFFEEF1EC,0xFFEEF1EC,0xFFEEF1EC,0xFFEEF1EC,0xFFEEF1EC,0xFFEEF1EC,0xFFEEF1EC,0xFFEEF1EC,0xFFEEF1EC,0xFFEEF1EC,
  0xFFEEF1EC,0xFFEEF1EC,0xFFEEF1EC,0xFFEEF1EC,0xFFEEF1EC,0xFFEEF1EC,0xFFEEF1EC,0xFFEEF1EC,0xFFEEF1EC,0xFFEEF1EC,0xFFEEF1EC,0xFFEEF1EC,
  0xFFEEF1EC,0xFFEEF1EC,0xFFEEF1EC,0xFFEEF1EC,0xFFEEF1EC,0xFFEEF1EC,0xFFEEF1EC,0xFFEEF1EC,0xFFEEF1EC,0xFFEEF1EC,0xFFEEF1EC,0xFFEEF1EC,
  0xFFEEF1EC,0xFFEEF1EC,0xFFEEF1EC,0xFFEEF1EC,0xFFEEF1EC,0xFFEEF1EC,0xFFEEF1EC,0xFFEEF1EC,0xFFEEF1EC,0xFFEEF1EC,0xFFEEF1EC,0xFFEEF1EC,
  0xFFEEF1EC,0xFFEEF1EC,0xFFEEF1EC,0xFFEEF1EC,0xFFEEF1EC,0xFFEEF1EC,0xFFEEF1EC,0xFFEEF1EC,0xFFEEF1EC,0xFFEEF1EC,0xFFEEF1EC,0xFFEEF1EC,
  0xFFEEF1EC,0xFFEEF1EC,0xFFEEF1EC,0xFFEEF1EC,0xFFEEF1EC,0xFFEEF1EC,0xFFEEF1EC,0xFFEEF1EC,0xFFEEF1EC,0xFFEEF1EC,0xFFEEF1EC,0xFFEEF1EC,
  0xFFEEF1EC,0xFFEEF1EC,0xFFEEF1EC,0xFFEEF1EC,0xFFEEF1EC,0xFFEEF1EC,0xFFEEF1EC,0xFFEEF1EC,0xFFEEF1EC,0xFFEEF1EC,0xFFEEF1EC,0xFFEEF1EC,
  0xFFEEF1EC,0xFFEEF1EC,0xFFEEF1EC,0xFFEEF1EC,0xFFEEF1EC,0xFFEEF1EC,0xFFEEF1EC,0xFFEEF1EC,0xFFEEF1EC,0xFFEEF1EC,0xFFEEF1EC,0xFFEEF1EC,
  0xFFEEF1EC,0xFFEEF1EC,0xFFEEF1EC,0xFFEEF1EC,0xFFEEF1EC,0xFFEEF1EC,0xFFEEF1EC,0xFFEEF1EC,0xFFEEF1EC,0xFFEEF1EC,0xFFEEF1EC,0xFFEEF1EC,
  0xFFEEF1EC,0xFFEEF1EC,0xFFEEF1EC,0xFFEEF1EC,0xFFEEF1EC,0xFFEEF1EC,0xFFEEF1EC,0xFFEEF1EC,0xFFEEF1EC,0xFFEEF1EC,0xFFEEF1EC,0xFFEEF1EC,
  0xFFEEF1EC,0xFFEEF1EC,0xFFEEF1EC,0xFFEEF1EC,0xFFEEF1EC,0xFFEEF1EC,0xFFEEF1EC,0xFFEEF1EC,0xFFEEF1EC,0xFFEEF1EC,0xFFEEF1EC,0xFFEEF1EC,
  0xFFEEF1EC,0xFFEEF1EC,0xFFEEF1EC,0xFFEEF1EC,0xFFEEF1EC,0xFFEEF1EC,0xFFEEF1EC,0xFFEEF1EC,0xFFEEF1EC,0xFFEEF1EC,0xFFEEF1EC,0xFFEEF1EC,
  0xFFEEF1EC,0xFFEEF1EC,0xFFEEF1EC,0xFFEEF1EC,0xFFEEF1EC,0xFFEEF1EC,0xFFEEF1EC,0xFFEEF1EC,0xFFEEF1EC,0xFFEEF1EC,0xFFEEF1EC,0xFFEEF1EC,
  0xFFEEF1EC,0xFFEEF1EC,0xFFEEF1EC,0xFFEEF1EC,0xFFEEF1EC,0xFFEEF1EC,0xFFEEF1EC,0xFFEEF1EC,0xFFEEF1EC,0xFFEEF1EC,0xFFEEF1EC,0xFFEEF1EC,
  0xFFEEF1EC,0xFFEEF1EC,0xFFEEF1EC,0xFFEEF1EC,0xFFEEF1EC,0xFFEEF1EC,0xFFEEF1EC,0xFFEEF1EC,0xFFEEF1EC,0xFFEEF1EC,0xFFEEF1EC,0xFFEEF1EC,
  0xFFEEF1EC,0xFFEEF1EC,0xFFEEF1EC,0xFFEEF1EC,0xFFEEF1EC,0xFFEEF1EC,0xFFEEF1EC,0xFFEEF1EC,0xFFEEF1EC,0xFFEEF1EC,0xFFEEF1EC,0xFFEEF1EC,
  0xFFEEF1EC,0xFFEEF1EC,0xFFEEF1EC,0xFFEEF1EC,0xFFEEF1EC,0xFFEEF1EC,0xFFEEF1EC,0xFFEEF1EC,0xFFEEF1EC,0xFFEEF1EC,0xFFEEF1EC,0xFFEEF1EC,
  0xFFEEF1EC,0xFFEEF1EC,0xFFEEF1EC,0xFFEEF1EC,0xFFEEF1EC,0xFFEEF1EC,0xFFEEF1EC,0xFFEEF1EC,0xFFEEF1EC,0xFFEEF1EC,0xFF3D576E,0xFF3D576E,
  0xFF3D576E,0xFF3D576E,0xFF3D576E,0xFF3D576E,0xFF3D576E,0xFF3D576E,0xFF3D576E,0xFF3D576E,0xFF3D576E,0xFF3D576E,0xFF3D576E,0xFF3D576E,
  0xFF3D576E,0xFF3D576E,0xFF3D576E,0xFF3D576E,0xFF3D576E,0xFF3D576E,0xFF3D576E,0xFF3D576E,0xFF3D576E,0xFF3D576E,0xFF3D576E,0xFF3D576E,
  0xFF3D576E,0xFF3D576E,0xFF3D576E,0xFF3D576E,0xFF3D576E,0xFF3D576E,0xFF3D576E,0xFF3D576E,0xFF3D576E,0xFF3D576E,0xFF3D576E,0xFF3D576E,
  0xFF3D576E,0xFF3D576E,0xFF3D576E,0xFF3D576E,0xFF3D576E,0xFF3D576E,0xFF3D576E,0xFF3D576E,0xFF3D576E,0xFF3D576E,0xFF3D576E,0xFF3D576E,
  0xFF3D576E,0xFF3D576E,0xFF3D576E,0xFF3D576E,0xFF3D576E,0xFFEEF1EC,0xFFEEF1EC,0xFFEEF1EC,0xFFEEF1EC,0xFFEEF1EC,0xFFEEF1EC,0xFFEEF1EC,
  0xFFEEF1EC,0xFFEEF1EC,0xFFEEF1EC,0xFFEEF1EC,0xFFEEF1EC,0xFFEEF1EC,0xFFEEF1EC,0xFFEEF1EC,0xFFEEF1EC,0xFFEEF1EC,0xFFEEF1EC,0xFFEEF1EC,
  0xFFEEF1EC,0xFFEEF1EC,0xFFEEF1EC,0xFFEEF1EC,0xFFEEF1EC,0xFFEEF1EC,0xFFEEF1EC,0xFFEEF1EC,0xFFEEF1EC,0xFFEEF1EC,0xFFEEF1EC,0xFFEEF1EC,
  0xFFEEF1EC,0xFFEEF1EC,0xFFEEF1EC,0xFFEEF1EC,0xFFEEF1EC,0xFFEEF1EC,0xFFEEF1EC,0xFFEEF1EC,0xFFEEF1EC,0xFFEEF1EC,0xFFEEF1EC,0xFFEEF1EC,
  0xFFEEF1EC,0xFFEEF1EC,0xFFEEF1EC,0xFFEEF1EC,0xFFEEF1EC,0xFFEEF1EC,0xFFEEF1EC,0xFFEEF1EC,0xFFEEF1EC,0xFFEEF1EC,0xFFEEF1EC,0xFFEEF1EC,
  0xFFEEF1EC,0xFFEEF1EC,0xFFEEF1EC,0xFFEEF1EC,0xFFEEF1EC,0xFFEEF1EC,0xFFEEF1EC,0xFFEEF1EC,0xFFEEF1EC,0xFFEEF1EC,0xFFEEF1EC,0xFFEEF1EC,
  0xFFEEF1EC,0xFFEEF1EC,0xFFEEF1EC,0xFFEEF1EC,0xFFEEF1EC,0xFFEEF1EC,0xFFEEF1EC,0xFFEEF1EC,0xFFEEF1EC,0xFFEEF1EC,0xFFEEF1EC,0xFFEEF1EC,
  0xFFEEF1EC,0xFFEEF1EC,0xFFEEF1EC,0xFFEEF1EC,0xFFEEF1EC,0xFFEEF1EC,0xFFEEF1EC,0xFFEEF1EC,0xFFEEF1EC,0xFFEEF1EC,0xFFEEF1EC,0xFFEEF1EC,
  0xFFEEF1EC,0xFFEEF1EC,0xFFEEF1EC,0xFFEEF1EC,0xFFEEF1EC,0xFFEEF1EC,0xFFEEF1EC,0xFFEEF1EC,0xFFEEF1EC,0xFFEEF1EC,0xFFEEF1EC,0xFFEEF1EC,
  0xFFEEF1EC,0xFFEEF1EC,0xFFEEF1EC,0xFFEEF1EC,0xFFEEF1EC,0xFFEEF1EC,0xFFEEF1EC,0xFFEEF1EC,0xFFEEF1EC,0xFFEEF1EC,0xFFEEF1EC,0xFFEEF1EC,
  0xFFEEF1EC,0xFFEEF1EC,0xFFEEF1EC,0xFFEEF1EC,0xFFEEF1EC,0xFFEEF1EC,0xFFEEF1EC,0xFFEEF1EC,0xFFEEF1EC,0xFFEEF1EC,0xFFEEF1EC,0xFFEEF1EC,
  0xFFEEF1EC,0xFFEEF1EC,0xFFEEF1EC,0xFFEEF1EC,0xFFEEF1EC,0xFFEEF1EC,0xFFEEF1EC,0xFFEEF1EC,0xFFEEF1EC,0xFFEEF1EC,0xFFEEF1EC,0xFFEEF1EC,
  0xFFEEF1EC,0xFFEEF1EC,0xFFEEF1EC,0xFFEEF1EC,0xFFEEF1EC,0xFFEEF1EC,0xFFEEF1EC,0xFFEEF1EC,0xFFEEF1EC,0xFFEEF1EC,0xFFEEF1EC,0xFFEEF1EC,
  0xFFEEF1EC,0xFFEEF1EC,0xFFEEF1EC,0xFFEEF1EC,0xFFEEF1EC,0xFFEEF1EC,0xFFEEF1EC,0xFFEEF1EC,0xFFEEF1EC,0xFFEEF1EC,0xFFEEF1EC,0xFFEEF1EC,
  0xFFEEF1EC,0xFFEEF1EC,0xFFEEF1EC,0xFFEEF1EC,0xFFEEF1EC,0xFFEEF1EC,0xFFEEF1EC,0xFFEEF1EC,0xFFEEF1EC,0xFFEEF1EC,0xFFEEF1EC,0xFFEEF1EC,
  0xFFEEF1EC,0xFFEEF1EC,0xFFEEF1EC,0xFFEEF1EC,0xFFEEF1EC,0xFFEEF1EC,0xFFEEF1EC,0xFFEEF1EC,0xFFEEF1EC,0xFFEEF1EC,0xFFEEF1EC,0xFFEEF1EC,
  0xFFEEF1EC,0xFFEEF1EC,0xFFEEF1EC,0xFFEEF1EC,0xFFEEF1EC,0xFFEEF1EC,0xFFEEF1EC,0xFFEEF1EC,0xFFEEF1EC,0xFFEEF1EC,0xFFEEF1EC,0xFFEEF1EC,
  0xFFEEF1EC,0xFFEEF1EC,0xFFEEF1EC,0xFFEEF1EC,0xFFEEF1EC,0xFFEEF1EC,0xFFEEF1EC,0xFFEEF1EC,0xFFEEF1EC,0xFFEEF1EC,0xFFEEF1EC,0xFFEEF1EC,
  0xFFEEF1EC,0xFFEEF1EC,0xFFEEF1EC,0xFFEEF1EC,0xFFEEF1EC,0xFFEEF1EC,0xFFEEF1EC,0xFFEEF1EC,0xFFEEF1EC,0xFFEEF1EC,0xFFEEF1EC,0xFFEEF1EC,
  0xFFEEF1EC,0xFFEEF1EC,0xFFEEF1EC,0xFFEEF1EC,0xFFEEF1EC,0xFFEEF1EC,0xFFEEF1EC,0xFFEEF1EC,0xFFEEF1EC,0xFFEEF1EC,0xFFEEF1EC,0xFFEEF1EC,
  0xFFEEF1EC,0xFFEEF1EC,0xFFEEF1EC,0xFFEEF1EC,0xFFEEF1EC,0xFFEEF1EC,0xFFEEF1EC,0xFFEEF1EC,0xFFEEF1EC,0xFFEEF1EC,0xFFEEF1EC,0xFFEEF1EC,
  0xFFEEF1EC,0xFFEEF1EC,0xFFEEF1EC,0xFFEEF1EC,0xFFEEF1EC,0xFFEEF1EC,0xFFEEF1EC,0xFFEEF1EC,0xFFEEF1EC,0xFFEEF1EC,0xFFEEF1EC,0xFFEEF1EC,
  0xFFEEF1EC,0xFFEEF1EC,0xFFEEF1EC,0xFFEEF1EC,0xFFEEF1EC,0xFFEEF1EC,0xFFEEF1EC,0xFFEEF1EC,0xFFEEF1EC,0xFFEEF1EC,0xFFEEF1EC,0xFFEEF1EC,
  0xFFEEF1EC,0xFFEEF1EC,0xFFEEF1EC,0xFFEEF1EC,0xFFEEF1EC,0xFFEEF1EC,0xFFEEF1EC,0xFFEEF1EC,0xFFEEF1EC,0xFFEEF1EC,0xFFEEF1EC,0xFFEEF1EC,
  0xFFEEF1EC,0xFFEEF1EC,0xFFEEF1EC,0xFFEEF1EC,0xFFEEF1EC,0xFFEEF1EC,0xFFEEF1EC,0xFFEEF1EC,0xFFEEF1EC,0xFFEEF1EC,0xFFEEF1EC,0xFFEEF1EC,
  0xFFEEF1EC,0xFFEEF1EC,0xFFEEF1EC,0xFFEEF1EC,0xFFEEF1EC,0xFFEEF1EC,0xFFEEF1EC,0xFFEEF1EC,0xFFEEF1EC,0xFFEEF1EC,0xFF3D576E,0xFF3D576E,
  0xFF3D576E,0xFF3D576E,0xFF3D576E,0xFF3D576E,0xFF3D576E,0xFF3D576E,0xFF3D576E,0xFF3D576E,0xFF3D576E,0xFF3D576E,0xFF3D576E,0xFF3D576E,
  0xFF3D576E,0xFF3D576E,0xFF3D576E,0xFF3D576E,0xFF3D576E,0xFF3D576E,0xFF3D576E,0xFF3D576E,0xFF3D576E,0xFF3D576E,0xFF3D576E,0xFF3D576E,
  0xFF3D576E,0xFF3D576E,0xFF3D576E,0xFF3D576E,0xFF3D576E,0xFF3D576E,0xFF3D576E,0xFF3D576E,0xFF3D576E,0xFF3D576E,0xFF3D576E,0xFF3D576E,
  0xFF3D576E,0xFF3D576E,0xFF3D576E,0xFF3D576E,0xFF3D576E,0xFF3D576E,0xFF3D576E,0xFF3D576E,0xFF3D576E,0xFF3D576E,0xFF3D576E,0xFF3D576E,
  0xFF3D576E,0xFF3D576E,0xFF3D576E,0xFF3D576E,0xFF3D576E,0xFFEEF1EC,0xFFEEF1EC,0xFFEEF1EC,0xFFEEF1EC,0xFFEEF1EC,0xFFEEF1EC,0xFFEEF1EC,
  0xFFEEF1EC,0xFFEEF1EC,0xFFEEF1EC,0xFFEEF1EC,0xFFEEF1EC,0xFFEEF1EC,0xFFEEF1EC,0xFFEEF1EC,0xFFEEF1EC,0xFFEEF1EC,0xFFEEF1EC,0xFFEEF1EC,
  0xFFEEF1EC,0xFFEEF1EC,0xFFEEF1EC,0xFFEEF1EC,0xFFEEF1EC,0xFFEEF1EC,0xFFEEF1EC,0xFFEEF1EC,0xFFEEF1EC,0xFFEEF1EC,0xFFEEF1EC,0xFFEEF1EC,
  0xFFEEF1EC,0xFFEEF1EC,0xFFEEF1EC,0xFFEEF1EC,0xFFEEF1EC,0xFFEEF1EC,0xFFEEF1EC,0xFFEEF1EC,0xFFEEF1EC,0xFFEEF1EC,0xFFEEF1EC,0xFFEEF1EC,
  0xFFEEF1EC,0xFFEEF1EC,0xFFEEF1EC,0xFFEEF1EC,0xFFEEF1EC,0xFFEEF1EC,0xFFEEF1EC,0xFFEEF1EC,0xFFEEF1EC,0xFFEEF1EC,0xFFEEF1EC,0xFFEEF1EC,
  0xFFEEF1EC,0xFFEEF1EC,0xFFEEF1EC,0xFFEEF1EC,0xFFEEF1EC,0xFFEEF1EC,0xFFEEF1EC,0xFFEEF1EC,0xFFEEF1EC,0xFFEEF1EC,0xFFEEF1EC,0xFFEEF1EC,
  0xFFEEF1EC,0xFFEEF1EC,0xFFEEF1EC,0xFFEEF1EC,0xFFEEF1EC,0xFFEEF1EC,0xFFEEF1EC,0xFFEEF1EC,0xFFEEF1EC,0xFFEEF1EC,0xFFEEF1EC,0xFFEEF1EC,
  0xFFEEF1EC,0xFFEEF1EC,0xFFEEF1EC,0xFFEEF1EC,0xFFEEF1EC,0xFFEEF1EC,0xFFEEF1EC,0xFFEEF1EC,0xFFEEF1EC,0xFFEEF1EC,0xFFEEF1EC,0xFFEEF1EC,
  0xFFEEF1EC,0xFFEEF1EC,0xFFEEF1EC,0xFFEEF1EC,0xFFEEF1EC,0xFFEEF1EC,0xFFEEF1EC,0xFFEEF1EC,0xFFEEF1EC,0xFFEEF1EC,0xFFEEF1EC,0xFFEEF1EC,
  0xFFEEF1EC,0xFFEEF1EC,0xFFEEF1EC,0xFFEEF1EC,0xFFEEF1EC,0xFFEEF1EC,0xFFEEF1EC,0xFFEEF1EC,0xFFEEF1EC,0xFFEEF1EC,0xFFEEF1EC,0xFFEEF1EC,
  0xFFEEF1EC,0xFFEEF1EC,0xFFEEF1EC,0xFFEEF1EC,0xFFEEF1EC,0xFFEEF1EC,0xFFEEF1EC,0xFFEEF1EC,0xFFEEF1EC,0xFFEEF1EC,0xFFEEF1EC,0xFFEEF1EC,
  0xFFEEF1EC,0xFFEEF1EC,0xFFEEF1EC,0xFFEEF1EC,0xFFEEF1EC,0xFFEEF1EC,0xFFEEF1EC,0xFFEEF1EC,0xFFEEF1EC,0xFFEEF1EC,0xFFEEF1EC,0xFFEEF1EC,
  0xFFEEF1EC,0xFFEEF1EC,0xFFEEF1EC,0xFFEEF1EC,0xFFEEF1EC,0xFFEEF1EC,0xFFEEF1EC,0xFFEEF1EC,0xFFEEF1EC,0xFFEEF1EC,0xFFEEF1EC,0xFFEEF1EC,
  0xFFEEF1EC,0xFFEEF1EC,0xFFEEF1EC,0xFFEEF1EC,0xFFEEF1EC,0xFFEEF1EC,0xFFEEF1EC,0xFFEEF1EC,0xFFEEF1EC,0xFFEEF1EC,0xFFEEF1EC,0xFFEEF1EC,
  0xFFEEF1EC,0xFFEEF1EC,0xFFEEF1EC,0xFFEEF1EC,0xFFEEF1EC,0xFFEEF1EC,0xFFEEF1EC,0xFFEEF1EC,0xFFEEF1EC,0xFFEEF1EC,0xFFEEF1EC,0xFFEEF1EC,
  0xFFEEF1EC,0xFFEEF1EC,0xFFEEF1EC,0xFFEEF1EC,0xFFEEF1EC,0xFFEEF1EC,0xFFEEF1EC,0xFFEEF1EC,0xFFEEF1EC,0xFFEEF1EC,0xFFEEF1EC,0xFFEEF1EC,
  0xFFEEF1EC,0xFFEEF1EC,0xFFEEF1EC,0xFFEEF1EC,0xFFEEF1EC,0xFFEEF1EC,0xFFEEF1EC,0xFFEEF1EC,0xFFEEF1EC,0xFFEEF1EC,0xFFEEF1EC,0xFFEEF1EC,
  0xFFEEF1EC,0xFFEEF1EC,0xFFEEF1EC,0xFFEEF1EC,0xFFEEF1EC,0xFFEEF1EC,0xFFEEF1EC,0xFFEEF1EC,0xFFEEF1EC,0xFFEEF1EC,0xFFEEF1EC,0xFFEEF1EC,
  0xFFEEF1EC,0xFFEEF1EC,0xFFEEF1EC,0xFFEEF1EC,0xFFEEF1EC,0xFFEEF1EC,0xFFEEF1EC,0xFFEEF1EC,0xFFEEF1EC,0xFFEEF1EC,0xFFEEF1EC,0xFFEEF1EC,
  0xFFEEF1EC,0xFFEEF1EC,0xFFEEF1EC,0xFFEEF1EC,0xFFEEF1EC,0xFFEEF1EC,0xFFEEF1EC,0xFFEEF1EC,0xFFEEF1EC,0xFFEEF1EC,0xFFEEF1EC,0xFFEEF1EC,
  0xFFEEF1EC,0xFFEEF1EC,0xFFEEF1EC,0xFFEEF1EC,0xFFEEF1EC,0xFFEEF1EC,0xFFEEF1EC,0xFFEEF1EC,0xFFEEF1EC,0xFFEEF1EC,0xFFEEF1EC,0xFFEEF1EC,
  0xFFEEF1EC,0xFFEEF1EC,0xFFEEF1EC,0xFFEEF1EC,0xFFEEF1EC,0xFFEEF1EC,0xFFEEF1EC,0xFFEEF1EC,0xFFEEF1EC,0xFFEEF1EC,0xFFEEF1EC,0xFFEEF1EC,
  0xFFEEF1EC,0xFFEEF1EC,0xFFEEF1EC,0xFFEEF1EC,0xFFEEF1EC,0xFFEEF1EC,0xFFEEF1EC,0xFFEEF1EC,0xFFEEF1EC,0xFFEEF1EC,0xFFEEF1EC,0xFFEEF1EC,
  0xFFEEF1EC,0xFFEEF1EC,0xFFEEF1EC,0xFFEEF1EC,0xFFEEF1EC,0xFFEEF1EC,0xFFEEF1EC,0xFFEEF1EC,0xFFEEF1EC,0xFFEEF1EC,0xFFEEF1EC,0xFFEEF1EC,
  0xFFEEF1EC,0xFFEEF1EC,0xFFEEF1EC,0xFFEEF1EC,0xFFEEF1EC,0xFFEEF1EC,0xFFEEF1EC,0xFFEEF1EC,0xFFEEF1EC,0xFFEEF1EC,0xFFEEF1EC,0xFFEEF1EC,
  0xFFEEF1EC,0xFFEEF1EC,0xFFEEF1EC,0xFFEEF1EC,0xFFEEF1EC,0xFFEEF1EC,0xFFEEF1EC,0xFFEEF1EC,0xFFEEF1EC,0xFFEEF1EC,0xFF3D576E,0xFF3D576E,
  0xFF3D576E,0xFF3D576E,0xFF3D576E,0xFF3D576E,0xFFD9D9D9,0xFFD9D9D9,0xFFD9D9D9,0xFF3D576E,0xFF3D576E,0xFFD9D9D9,0xFFD9D9D9,0xFF3D576E,
  0xFF3D576E,0xFF3D576E,0xFF3D576E,0xFFD9D9D9,0xFFD9D9D9,0xFF3D576E,0xFF3D576E,0xFFD9D9D9,0xFFD9D9D9,0xFFD9D9D9,0xFF3D576E,0xFF3D576E,
  0xFFD9D9D9,0xFFD9D9D9,0xFFD9D9D9,0xFFD9D9D9,0xFFD9D9D9,0xFFD9D9D9,0xFF3D576E,0xFFD9D9D9,0xFFD9D9D9,0xFFD9D9D9,0xFFD9D9D9,0xFF3D576E,
  0xFF3D576E,0xFF3D576E,0xFFD9D9D9,0xFFD9D9D9,0xFFD9D9D9,0xFF3D576E,0xFF3D576E,0xFFD9D9D9,0xFFD9D9D9,0xFFD9D9D9,0xFFD9D9D9,0xFF3D576E,
  0xFF3D576E,0xFF3D576E,0xFF3D576E,0xFF3D576E,0xFF3D576E,0xFFEEF1EC,0xFFEEF1EC,0xFFEEF1EC,0xFFEEF1EC,0xFFEEF1EC,0xFFEEF1EC,0xFFEEF1EC,
  0xFFEEF1EC,0xFFEEF1EC,0xFFEEF1EC,0xFFEEF1EC,0xFFEEF1EC,0xFFEEF1EC,0xFFEEF1EC,0xFFEEF1EC,0xFFEEF1EC,0xFFEEF1EC,0xFFEEF1EC,0xFFEEF1EC,
  0xFFEEF1EC,0xFFEEF1EC,0xFFEEF1EC,0xFFEEF1EC,0xFFEEF1EC,0xFFEEF1EC,0xFFEEF1EC,0xFFEEF1EC,0xFFEEF1EC,0xFFEEF1EC,0xFFEEF1EC,0xFFEEF1EC,
  0xFFEEF1EC,0xFFEEF1EC,0xFFEEF1EC,0xFFEEF1EC,0xFFEEF1EC,0xFFEEF1EC,0xFFEEF1EC,0xFFEEF1EC,0xFFEEF1EC,0xFFEEF1EC,0xFFEEF1EC,0xFFEEF1EC,
  0xFFEEF1EC,0xFFEEF1EC,0xFFEEF1EC,0xFFEEF1EC,0xFFEEF1EC,0xFFEEF1EC,0xFFEEF1EC,0xFFEEF1EC,0xFFEEF1EC,0xFFEEF1EC,0xFFEEF1EC,0xFFEEF1EC,
  0xFFEEF1EC,0xFFEEF1EC,0xFFEEF1EC,0xFFEEF1EC,0xFFEEF1EC,0xFFEEF1EC,0xFFEEF1EC,0xFFEEF1EC,0xFFEEF1EC,0xFFEEF1EC,0xFFEEF1EC,0xFFEEF1EC,
  0xFFEEF1EC,0xFFEEF1EC,0xFFEEF1EC,0xFFEEF1EC,0xFFEEF1EC,0xFFEEF1EC,0xFFEEF1EC,0xFFEEF1EC,0xFFEEF1EC,0xFFEEF1EC,0xFFEEF1EC,0xFFEEF1EC,
  0xFFEEF1EC,0xFFEEF1EC,0xFFEEF1EC,0xFFEEF1EC,0xFFEEF1EC,0xFFEEF1EC,0xFFEEF1EC,0xFFEEF1EC,0xFFEEF1EC,0xFFEEF1EC,0xFFEEF1EC,0xFFEEF1EC,
  0xFFEEF1EC,0xFFEEF1EC,0xFFEEF1EC,0xFFEEF1EC,0xFFEEF1EC,0xFFEEF1EC,0xFFEEF1EC,0xFFEEF1EC,0xFFEEF1EC,0xFFEEF1EC,0xFFEEF1EC,0xFFEEF1EC,
  0xFFEEF1EC,0xFFEEF1EC,0xFFEEF1EC,0xFFEEF1EC,0xFFEEF1EC,0xFFEEF1EC,0xFFEEF1EC,0xFFEEF1EC,0xFFEEF1EC,0xFFEEF1EC,0xFFEEF1EC,0xFFEEF1EC,
  0xFFEEF1EC,0xFFEEF1EC,0xFFEEF1EC,0xFFEEF1EC,0xFFEEF1EC,0xFFEEF1EC,0xFFEEF1EC,0xFFEEF1EC,0xFFEEF1EC,0xFFEEF1EC,0xFFEEF1EC,0xFFEEF1EC,
  0xFFEEF1EC,0xFFEEF1EC,0xFFEEF1EC,0xFFEEF1EC,0xFFEEF1EC,0xFFEEF1EC,0xFFEEF1EC,0xFFEEF1EC,0xFFEEF1EC,0xFFEEF1EC,0xFFEEF1EC,0xFFEEF1EC,
  0xFFEEF1EC,0xFFEEF1EC,0xFFEEF1EC,0xFFEEF1EC,0xFFEEF1EC,0xFFEEF1EC,0xFFEEF1EC,0xFFEEF1EC,0xFFEEF1EC,0xFFEEF1EC,0xFFEEF1EC,0xFFEEF1EC,
  0xFFEEF1EC,0xFFEEF1EC,0xFFEEF1EC,0xFFEEF1EC,0xFFEEF1EC,0xFFEEF1EC,0xFFEEF1EC,0xFFEEF1EC,0xFFEEF1EC,0xFFEEF1EC,0xFFEEF1EC,0xFFEEF1EC,
  0xFFEEF1EC,0xFFEEF1EC,0xFFEEF1EC,0xFFEEF1EC,0xFFEEF1EC,0xFFEEF1EC,0xFFEEF1EC,0xFFEEF1EC,0xFFEEF1EC,0xFFEEF1EC,0xFFEEF1EC,0xFFEEF1EC,
  0xFFEEF1EC,0xFFEEF1EC,0xFFEEF1EC,0xFFEEF1EC,0xFFEEF1EC,0xFFEEF1EC,0xFFEEF1EC,0xFFEEF1EC,0xFFEEF1EC,0xFFEEF1EC,0xFFEEF1EC,0xFFEEF1EC,
  0xFFEEF1EC,0xFFEEF1EC,0xFFEEF1EC,0xFFEEF1EC,0xFFEEF1EC,0xFFEEF1EC,0xFFEEF1EC,0xFFEEF1EC,0xFFEEF1EC,0xFFEEF1EC,0xFFEEF1EC,0xFFEEF1EC,
  0xFFEEF1EC,0xFFEEF1EC,0xFFEEF1EC,0xFFEEF1EC,0xFFEEF1EC,0xFFEEF1EC,0xFFEEF1EC,0xFFEEF1EC,0xFFEEF1EC,0xFFEEF1EC,0xFFEEF1EC,0xFFEEF1EC,
  0xFFEEF1EC,0xFFEEF1EC,0xFFEEF1EC,0xFFEEF1EC,0xFFEEF1EC,0xFFEEF1EC,0xFFEEF1EC,0xFFEEF1EC,0xFFEEF1EC,0xFFEEF1EC,0xFFEEF1EC,0xFFEEF1EC,
  0xFFEEF1EC,0xFFEEF1EC,0xFFEEF1EC,0xFFEEF1EC,0xFFEEF1EC,0xFFEEF1EC,0xFFEEF1EC,0xFFEEF1EC,0xFFEEF1EC,0xFFEEF1EC,0xFFEEF1EC,0xFFEEF1EC,
  0xFFEEF1EC,0xFFEEF1EC,0xFFEEF1EC,0xFFEEF1EC,0xFFEEF1EC,0xFFEEF1EC,0xFFEEF1EC,0xFFEEF1EC,0xFFEEF1EC,0xFFEEF1EC,0xFFEEF1EC,0xFFEEF1EC,
  0xFFEEF1EC,0xFFEEF1EC,0xFFEEF1EC,0xFFEEF1EC,0xFFEEF1EC,0xFFEEF1EC,0xFFEEF1EC,0xFFEEF1EC,0xFFEEF1EC,0xFFEEF1EC,0xFFEEF1EC,0xFFEEF1EC,
  0xFFEEF1EC,0xFFEEF1EC,0xFFEEF1EC,0xFFEEF1EC,0xFFEEF1EC,0xFFEEF1EC,0xFFEEF1EC,0xFFEEF1EC,0xFFEEF1EC,0xFFEEF1EC,0xFFEEF1EC,0xFFEEF1EC,
  0xFFEEF1EC,0xFFEEF1EC,0xFFEEF1EC,0xFFEEF1EC,0xFFEEF1EC,0xFFEEF1EC,0xFFEEF1EC,0xFFEEF1EC,0xFFEEF1EC,0xFFEEF1EC,0xFFEEF1EC,0xFFEEF1EC,
  0xFFEEF1EC,0xFFEEF1EC,0xFFEEF1EC,0xFFEEF1EC,0xFFEEF1EC,0xFFEEF1EC,0xFFEEF1EC,0xFFEEF1EC,0xFFEEF1EC,0xFFEEF1EC,0xFFEEF1EC,0xFFEEF1EC,
  0xFFEEF1EC,0xFFEEF1EC,0xFFEEF1EC,0xFFEEF1EC,0xFFEEF1EC,0xFFEEF1EC,0xFFEEF1EC,0xFFEEF1EC,0xFFEEF1EC,0xFFEEF1EC,0xFF3D576E,0xFF3D576E,
  0xFF3D576E,0xFF3D576E,0xFF3D576E,0xFF3D576E,0xFFD9D9D9,0xFFD9D9D9,0xFFD9D9D9,0xFF3D576E,0xFF3D576E,0xFFD9D9D9,0xFFD9D9D9,0xFF3D576E,
  0xFF3D576E,0xFF3D576E,0xFF3D576E,0xFFD9D9D9,0xFFD9D9D9,0xFF3D576E,0xFFD9D9D9,0xFFD9D9D9,0xFFD9D9D9,0xFFD9D9D9,0xFFD9D9D9,0xFF3D576E,
  0xFFD9D9D9,0xFFD9D9D9,0xFFD9D9D9,0xFFD9D9D9,0xFFD9D9D9,0xFFD9D9D9,0xFF3D576E,0xFFD9D9D9,0xFFD9D9D9,0xFFD9D9D9,0xFFD9D9D9,0xFFD9D9D9,
  0xFF3D576E,0xFF3D576E,0xFFD9D9D9,0xFFD9D9D9,0xFFD9D9D9,0xFF3D576E,0xFF3D576E,0xFFD9D9D9,0xFFD9D9D9,0xFFD9D9D9,0xFFD9D9D9,0xFF3D576E,
  0xFF3D576E,0xFF3D576E,0xFF3D576E,0xFF3D576E,0xFF3D576E,0xFFEEF1EC,0xFFEEF1EC,0xFFEEF1EC,0xFFEEF1EC,0xFFEEF1EC,0xFFEEF1EC,0xFFEEF1EC,
  0xFFEEF1EC,0xFFEEF1EC,0xFFEEF1EC,0xFFEEF1EC,0xFFEEF1EC,0xFFEEF1EC,0xFFEEF1EC,0xFFEEF1EC,0xFFEEF1EC,0xFFEEF1EC,0xFFEEF1EC,0xFFEEF1EC,
  0xFFEEF1EC,0xFFEEF1EC,0xFFEEF1EC,0xFFEEF1EC,0xFFEEF1EC,0xFFEEF1EC,0xFFEEF1EC,0xFFEEF1EC,0xFFEEF1EC,0xFFEEF1EC,0xFFEEF1EC,0xFFEEF1EC,
  0xFFEEF1EC,0xFFEEF1EC,0xFFEEF1EC,0xFFEEF1EC,0xFFEEF1EC,0xFFEEF1EC,0xFFEEF1EC,0xFFEEF1EC,0xFFEEF1EC,0xFFEEF1EC,0xFFEEF1EC,0xFFEEF1EC,
  0xFFEEF1EC,0xFFEEF1EC,0xFFEEF1EC,0xFFEEF1EC,0xFFEEF1EC,0xFFEEF1EC,0xFFEEF1EC,0xFFEEF1EC,0xFFEEF1EC,0xFFEEF1EC,0xFFEEF1EC,0xFFEEF1EC,
  0xFFEEF1EC,0xFFEEF1EC,0xFFEEF1EC,0xFFEEF1EC,0xFFEEF1EC,0xFFEEF1EC,0xFFEEF1EC,0xFFEEF1EC,0xFFEEF1EC,0xFFEEF1EC,0xFFEEF1EC,0xFFEEF1EC,
  0xFFEEF1EC,0xFFEEF1EC,0xFFEEF1EC,0xFFEEF1EC,0xFFEEF1EC,0xFFEEF1EC,0xFFEEF1EC,0xFFEEF1EC,0xFFEEF1EC,0xFFEEF1EC,0xFFEEF1EC,0xFFEEF1EC,
  0xFFEEF1EC,0xFFEEF1EC,0xFFEEF1EC,0xFFEEF1EC,0xFFEEF1EC,0xFFEEF1EC,0xFFEEF1EC,0xFFEEF1EC,0xFFEEF1EC,0xFFEEF1EC,0xFFEEF1EC,0xFFEEF1EC,
  0xFFEEF1EC,0xFFEEF1EC,0xFFEEF1EC,0xFFEEF1EC,0xFFEEF1EC,0xFFEEF1EC,0xFFEEF1EC,0xFFEEF1EC,0xFFEEF1EC,0xFFEEF1EC,0xFFEEF1EC,0xFFEEF1EC,
  0xFFEEF1EC,0xFFEEF1EC,0xFFEEF1EC,0xFFEEF1EC,0xFFEEF1EC,0xFFEEF1EC,0xFFEEF1EC,0xFFEEF1EC,0xFFEEF1EC,0xFFEEF1EC,0xFFEEF1EC,0xFFEEF1EC,
  0xFFEEF1EC,0xFFEEF1EC,0xFFEEF1EC,0xFFEEF1EC,0xFFEEF1EC,0xFFEEF1EC,0xFFEEF1EC,0xFFEEF1EC,0xFFEEF1EC,0xFFEEF1EC,0xFFEEF1EC,0xFFEEF1EC,
  0xFFEEF1EC,0xFFEEF1EC,0xFFEEF1EC,0xFFEEF1EC,0xFFEEF1EC,0xFFEEF1EC,0xFFEEF1EC,0xFFEEF1EC,0xFFEEF1EC,0xFFEEF1EC,0xFFEEF1EC,0xFFEEF1EC,
  0xFFEEF1EC,0xFFEEF1EC,0xFFEEF1EC,0xFFEEF1EC,0xFFEEF1EC,0xFFEEF1EC,0xFFEEF1EC,0xFFEEF1EC,0xFFEEF1EC,0xFFEEF1EC,0xFFEEF1EC,0xFFEEF1EC,
  0xFFEEF1EC,0xFFEEF1EC,0xFFEEF1EC,0xFFEEF1EC,0xFFEEF1EC,0xFFEEF1EC,0xFFEEF1EC,0xFFEEF1EC,0xFFEEF1EC,0xFFEEF1EC,0xFFEEF1EC,0xFFEEF1EC,
  0xFFEEF1EC,0xFFEEF1EC,0xFFEEF1EC,0xFFEEF1EC,0xFFEEF1EC,0xFFEEF1EC,0xFFEEF1EC,0xFFEEF1EC,0xFFEEF1EC,0xFFEEF1EC,0xFFEEF1EC,0xFFEEF1EC,
  0xFFEEF1EC,0xFFEEF1EC,0xFFEEF1EC,0xFFEEF1EC,0xFFEEF1EC,0xFFEEF1EC,0xFFEEF1EC,0xFFEEF1EC,0xFFEEF1EC,0xFFEEF1EC,0xFFEEF1EC,0xFFEEF1EC,
  0xFFEEF1EC,0xFFEEF1EC,0xFFEEF1EC,0xFFEEF1EC,0xFFEEF1EC,0xFFEEF1EC,0xFFEEF1EC,0xFFEEF1EC,0xFFEEF1EC,0xFFEEF1EC,0xFFEEF1EC,0xFFEEF1EC,
  0xFFEEF1EC,0xFFEEF1EC,0xFFEEF1EC,0xFFEEF1EC,0xFFEEF1EC,0xFFEEF1EC,0xFFEEF1EC,0xFFEEF1EC,0xFFEEF1EC,0xFFEEF1EC,0xFFEEF1EC,0xFFEEF1EC,
  0xFFEEF1EC,0xFFEEF1EC,0xFFEEF1EC,0xFFEEF1EC,0xFFEEF1EC,0xFFEEF1EC,0xFFEEF1EC,0xFFEEF1EC,0xFFEEF1EC,0xFFEEF1EC,0xFFEEF1EC,0xFFEEF1EC,
  0xFFEEF1EC,0xFFEEF1EC,0xFFEEF1EC,0xFFEEF1EC,0xFFEEF1EC,0xFFEEF1EC,0xFFEEF1EC,0xFFEEF1EC,0xFFEEF1EC,0xFFEEF1EC,0xFFEEF1EC,0xFFEEF1EC,
  0xFFEEF1EC,0xFFEEF1EC,0xFFEEF1EC,0xFFEEF1EC,0xFFEEF1EC,0xFFEEF1EC,0xFFEEF1EC,0xFFEEF1EC,0xFFEEF1EC,0xFFEEF1EC,0xFFEEF1EC,0xFFEEF1EC,
  0xFFEEF1EC,0xFFEEF1EC,0xFFEEF1EC,0xFFEEF1EC,0xFFEEF1EC,0xFFEEF1EC,0xFFEEF1EC,0xFFEEF1EC,0xFFEEF1EC,0xFFEEF1EC,0xFFEEF1EC,0xFFEEF1EC,
  0xFFEEF1EC,0xFFEEF1EC,0xFFEEF1EC,0xFFEEF1EC,0xFFEEF1EC,0xFFEEF1EC,0xFFEEF1EC,0xFFEEF1EC,0xFFEEF1EC,0xFFEEF1EC,0xFFEEF1EC,0xFFEEF1EC,
  0xFFEEF1EC,0xFFEEF1EC,0xFFEEF1EC,0xFFEEF1EC,0xFFEEF1EC,0xFFEEF1EC,0xFFEEF1EC,0xFFEEF1EC,0xFFEEF1EC,0xFFEEF1EC,0xFFEEF1EC,0xFFEEF1EC,
  0xFFEEF1EC,0xFFEEF1EC,0xFFEEF1EC,0xFFEEF1EC,0xFFEEF1EC,0xFFEEF1EC,0xFFEEF1EC,0xFFEEF1EC,0xFFEEF1EC,0xFFEEF1EC,0xFFEEF1EC,0xFFEEF1EC,
  0xFFEEF1EC,0xFFEEF1EC,0xFFEEF1EC,0xFFEEF1EC,0xFFEEF1EC,0xFFEEF1EC,0xFFEEF1EC,0xFFEEF1EC,0xFFEEF1EC,0xFFEEF1EC,0xFF3D576E,0xFF3D576E,
  0xFF3D576E,0xFF3D576E,0xFF3D576E,0xFF3D576E,0xFFD9D9D9,0xFFD9D9D9,0xFFD9D9D9,0xFF3D576E,0xFF3D576E,0xFFD9D9D9,0xFFD9D9D9,0xFFD9D9D9,
  0xFF3D576E,0xFF3D576E,0xFFD9D9D9,0xFFD9D9D9,0xFFD9D9D9,0xFF3D576E,0xFFD9D9D9,0xFFD9D9D9,0xFF3D576E,0xFFD9D9D9,0xFFD9D9D9,0xFF3D576E,
  0xFF3D576E,0xFF3D576E,0xFFD9D9D9,0xFFD9D9D9,0xFF3D576E,0xFF3D576E,0xFF3D576E,0xFFD9D9D9,0xFFD9D9D9,0xFF3D576E,0xFFD9D9D9,0xFFD9D9D9,
  0xFF3D576E,0xFF3D576E,0xFFD9D9D9,0xFFD9D9D9,0xFFD9D9D9,0xFF3D576E,0xFF3D576E,0xFFD9D9D9,0xFFD9D9D9,0xFF3D576E,0xFFD9D9D9,0xFFD9D9D9,
  0xFF3D576E,0xFF3D576E,0xFF3D576E,0xFF3D576E,0xFF3D576E,0xFFEEF1EC,0xFFEEF1EC,0xFFEEF1EC,0xFFEEF1EC,0xFFEEF1EC,0xFFEEF1EC,0xFFEEF1EC,
  0xFFEEF1EC,0xFFEEF1EC,0xFFEEF1EC,0xFFEEF1EC,0xFFEEF1EC,0xFFEEF1EC,0xFFEEF1EC,0xFFEEF1EC,0xFFEEF1EC,0xFFEEF1EC,0xFFEEF1EC,0xFFEEF1EC,
  0xFFEEF1EC,0xFFEEF1EC,0xFFEEF1EC,0xFFEEF1EC,0xFFEEF1EC,0xFFEEF1EC,0xFFEEF1EC,0xFFEEF1EC,0xFFEEF1EC,0xFFEEF1EC,0xFFEEF1EC,0xFFEEF1EC,
  0xFFEEF1EC,0xFFEEF1EC,0xFFEEF1EC,0xFFEEF1EC,0xFFEEF1EC,0xFFEEF1EC,0xFFEEF1EC,0xFFEEF1EC,0xFFEEF1EC,0xFFEEF1EC,0xFFEEF1EC,0xFFEEF1EC,
  0xFFEEF1EC,0xFFEEF1EC,0xFFEEF1EC,0xFFEEF1EC,0xFFEEF1EC,0xFFEEF1EC,0xFFEEF1EC,0xFFEEF1EC,0xFFEEF1EC,0xFFEEF1EC,0xFFEEF1EC,0xFFEEF1EC,
  0xFFEEF1EC,0xFFEEF1EC,0xFFEEF1EC,0xFFEEF1EC,0xFFEEF1EC,0xFFEEF1EC,0xFFEEF1EC,0xFFEEF1EC,0xFFEEF1EC,0xFFEEF1EC,0xFFEEF1EC,0xFFEEF1EC,
  0xFFEEF1EC,0xFFEEF1EC,0xFFEEF1EC,0xFFEEF1EC,0xFFEEF1EC,0xFFEEF1EC,0xFFEEF1EC,0xFFEEF1EC,0xFFEEF1EC,0xFFEEF1EC,0xFFEEF1EC,0xFFEEF1EC,
  0xFFEEF1EC,0xFFEEF1EC,0xFFEEF1EC,0xFFEEF1EC,0xFFEEF1EC,0xFFEEF1EC,0xFFEEF1EC,0xFFEEF1EC,0xFFEEF1EC,0xFFEEF1EC,0xFFEEF1EC,0xFFEEF1EC,
  0xFFEEF1EC,0xFFEEF1EC,0xFFEEF1EC,0xFFEEF1EC,0xFFEEF1EC,0xFFEEF1EC,0xFFEEF1EC,0xFFEEF1EC,0xFFEEF1EC,0xFFEEF1EC,0xFFEEF1EC,0xFFEEF1EC,
  0xFFEEF1EC,0xFFEEF1EC,0xFFEEF1EC,0xFFEEF1EC,0xFFEEF1EC,0xFFEEF1EC,0xFFEEF1EC,0xFFEEF1EC,0xFFEEF1EC,0xFFEEF1EC,0xFFEEF1EC,0xFFEEF1EC,
  0xFFEEF1EC,0xFFEEF1EC,0xFFEEF1EC,0xFFEEF1EC,0xFFEEF1EC,0xFFEEF1EC,0xFFEEF1EC,0xFFEEF1EC,0xFFEEF1EC,0xFFEEF1EC,0xFFEEF1EC,0xFFEEF1EC,
  0xFFEEF1EC,0xFFEEF1EC,0xFFEEF1EC,0xFFEEF1EC,0xFFEEF1EC,0xFFEEF1EC,0xFFEEF1EC,0xFFEEF1EC,0xFFEEF1EC,0xFFEEF1EC,0xFFEEF1EC,0xFFEEF1EC,
  0xFFEEF1EC,0xFFEEF1EC,0xFFEEF1EC,0xFFEEF1EC,0xFFEEF1EC,0xFFEEF1EC,0xFFEEF1EC,0xFFEEF1EC,0xFFEEF1EC,0xFFEEF1EC,0xFFEEF1EC,0xFFEEF1EC,
  0xFFEEF1EC,0xFFEEF1EC,0xFFEEF1EC,0xFFEEF1EC,0xFFEEF1EC,0xFFEEF1EC,0xFFEEF1EC,0xFFEEF1EC,0xFFEEF1EC,0xFFEEF1EC,0xFFEEF1EC,0xFFEEF1EC,
  0xFFEEF1EC,0xFFEEF1EC,0xFFEEF1EC,0xFFEEF1EC,0xFFEEF1EC,0xFFEEF1EC,0xFFEEF1EC,0xFFEEF1EC,0xFFEEF1EC,0xFFEEF1EC,0xFFEEF1EC,0xFFEEF1EC,
  0xFFEEF1EC,0xFFEEF1EC,0xFFEEF1EC,0xFFEEF1EC,0xFFEEF1EC,0xFFEEF1EC,0xFFEEF1EC,0xFFEEF1EC,0xFFEEF1EC,0xFFEEF1EC,0xFFEEF1EC,0xFFEEF1EC,
  0xFFEEF1EC,0xFFEEF1EC,0xFFEEF1EC,0xFFEEF1EC,0xFFEEF1EC,0xFFEEF1EC,0xFFEEF1EC,0xFFEEF1EC,0xFFEEF1EC,0xFFEEF1EC,0xFFEEF1EC,0xFFEEF1EC,
  0xFFEEF1EC,0xFFEEF1EC,0xFFEEF1EC,0xFFEEF1EC,0xFFEEF1EC,0xFFEEF1EC,0xFFEEF1EC,0xFFEEF1EC,0xFFEEF1EC,0xFFEEF1EC,0xFFEEF1EC,0xFFEEF1EC,
  0xFFEEF1EC,0xFFEEF1EC,0xFFEEF1EC,0xFFEEF1EC,0xFFEEF1EC,0xFFEEF1EC,0xFFEEF1EC,0xFFEEF1EC,0xFFEEF1EC,0xFFEEF1EC,0xFFEEF1EC,0xFFEEF1EC,
  0xFFEEF1EC,0xFFEEF1EC,0xFFEEF1EC,0xFFEEF1EC,0xFFEEF1EC,0xFFEEF1EC,0xFFEEF1EC,0xFFEEF1EC,0xFFEEF1EC,0xFFEEF1EC,0xFFEEF1EC,0xFFEEF1EC,
  0xFFEEF1EC,0xFFEEF1EC,0xFFEEF1EC,0xFFEEF1EC,0xFFEEF1EC,0xFFEEF1EC,0xFFEEF1EC,0xFFEEF1EC,0xFFEEF1EC,0xFFEEF1EC,0xFFEEF1EC,0xFFEEF1EC,
  0xFFEEF1EC,0xFFEEF1EC,0xFFEEF1EC,0xFFEEF1EC,0xFFEEF1EC,0xFFEEF1EC,0xFFEEF1EC,0xFFEEF1EC,0xFFEEF1EC,0xFFEEF1EC,0xFFEEF1EC,0xFFEEF1EC,
  0xFFEEF1EC,0xFFEEF1EC,0xFFEEF1EC,0xFFEEF1EC,0xFFEEF1EC,0xFFEEF1EC,0xFFEEF1EC,0xFFEEF1EC,0xFFEEF1EC,0xFFEEF1EC,0xFFEEF1EC,0xFFEEF1EC,
  0xFFEEF1EC,0xFFEEF1EC,0xFFEEF1EC,0xFFEEF1EC,0xFFEEF1EC,0xFFEEF1EC,0xFFEEF1EC,0xFFEEF1EC,0xFFEEF1EC,0xFFEEF1EC,0xFFEEF1EC,0xFFEEF1EC,
  0xFFEEF1EC,0xFFEEF1EC,0xFFEEF1EC,0xFFEEF1EC,0xFFEEF1EC,0xFFEEF1EC,0xFFEEF1EC,0xFFEEF1EC,0xFFEEF1EC,0xFFEEF1EC,0xFFEEF1EC,0xFFEEF1EC,
  0xFFEEF1EC,0xFFEEF1EC,0xFFEEF1EC,0xFFEEF1EC,0xFFEEF1EC,0xFFEEF1EC,0xFFEEF1EC,0xFFEEF1EC,0xFFEEF1EC,0xFFEEF1EC,0xFF3D576E,0xFF3D576E,
  0xFF3D576E,0xFF3D576E,0xFF3D576E,0xFFD9D9D9,0xFFD9D9D9,0xFF3D576E,0xFFD9D9D9,0xFFD9D9D9,0xFF3D576E,0xFFD9D9D9,0xFFD9D9D9,0xFFD9D9D9,
  0xFF3D576E,0xFF3D576E,0xFFD9D9D9,0xFFD9D9D9,0xFFD9D9D9,0xFF3D576E,0xFFD9D9D9,0xFFD9D9D9,0xFF3D576E,0xFF3D576E,0xFF3D576E,0xFF3D576E,
  0xFF3D576E,0xFF3D576E,0xFFD9D9D9,0xFFD9D9D9,0xFF3D576E,0xFF3D576E,0xFF3D576E,0xFFD9D9D9,0xFFD9D9D9,0xFF3D576E,0xFFD9D9D9,0xFFD9D9D9,
  0xFF3D576E,0xFFD9D9D9,0xFFD9D9D9,0xFF3D576E,0xFFD9D9D9,0xFFD9D9D9,0xFF3D576E,0xFFD9D9D9,0xFFD9D9D9,0xFF3D576E,0xFFD9D9D9,0xFFD9D9D9,
  0xFF3D576E,0xFF3D576E,0xFF3D576E,0xFF3D576E,0xFF3D576E,0xFFEEF1EC,0xFFEEF1EC,0xFFEEF1EC,0xFFEEF1EC,0xFFEEF1EC,0xFFEEF1EC,0xFFEEF1EC,
  0xFFEEF1EC,0xFFEEF1EC,0xFFEEF1EC,0xFFEEF1EC,0xFFEEF1EC,0xFFEEF1EC,0xFFEEF1EC,0xFFEEF1EC,0xFFEEF1EC,0xFFEEF1EC,0xFFEEF1EC,0xFFEEF1EC,
  0xFFEEF1EC,0xFFEEF1EC,0xFFEEF1EC,0xFFEEF1EC,0xFFEEF1EC,0xFFEEF1EC,0xFFEEF1EC,0xFFEEF1EC,0xFFEEF1EC,0xFFEEF1EC,0xFFEEF1EC,0xFFEEF1EC,
  0xFFEEF1EC,0xFFEEF1EC,0xFFEEF1EC,0xFFEEF1EC,0xFFEEF1EC,0xFFEEF1EC,0xFFEEF1EC,0xFFEEF1EC,0xFFEEF1EC,0xFFEEF1EC,0xFFEEF1EC,0xFFEEF1EC,
  0xFFEEF1EC,0xFFEEF1EC,0xFFEEF1EC,0xFFEEF1EC,0xFFEEF1EC,0xFFEEF1EC,0xFFEEF1EC,0xFFEEF1EC,0xFFEEF1EC,0xFFEEF1EC,0xFFEEF1EC,0xFFEEF1EC,
  0xFFEEF1EC,0xFFEEF1EC,0xFFEEF1EC,0xFFEEF1EC,0xFFEEF1EC,0xFFEEF1EC,0xFFEEF1EC,0xFFEEF1EC,0xFFEEF1EC,0xFFEEF1EC,0xFFEEF1EC,0xFFEEF1EC,
  0xFFEEF1EC,0xFFEEF1EC,0xFFEEF1EC,0xFFEEF1EC,0xFFEEF1EC,0xFFEEF1EC,0xFFEEF1EC,0xFFEEF1EC,0xFFEEF1EC,0xFFEEF1EC,0xFFEEF1EC,0xFFEEF1EC,
  0xFFEEF1EC,0xFFEEF1EC,0xFFEEF1EC,0xFFEEF1EC,0xFFEEF1EC,0xFFEEF1EC,0xFFEEF1EC,0xFFEEF1EC,0xFFEEF1EC,0xFFEEF1EC,0xFFEEF1EC,0xFFEEF1EC,
  0xFFEEF1EC,0xFFEEF1EC,0xFFEEF1EC,0xFFEEF1EC,0xFFEEF1EC,0xFFEEF1EC,0xFFEEF1EC,0xFFEEF1EC,0xFFEEF1EC,0xFFEEF1EC,0xFFEEF1EC,0xFFEEF1EC,
  0xFFEEF1EC,0xFFEEF1EC,0xFFEEF1EC,0xFFEEF1EC,0xFFEEF1EC,0xFFEEF1EC,0xFFEEF1EC,0xFFEEF1EC,0xFFEEF1EC,0xFFEEF1EC,0xFFEEF1EC,0xFFEEF1EC,
  0xFFEEF1EC,0xFFEEF1EC,0xFFEEF1EC,0xFFEEF1EC,0xFFEEF1EC,0xFFEEF1EC,0xFFEEF1EC,0xFFEEF1EC,0xFFEEF1EC,0xFFEEF1EC,0xFFEEF1EC,0xFFEEF1EC,
  0xFFEEF1EC,0xFFEEF1EC,0xFFEEF1EC,0xFFEEF1EC,0xFFEEF1EC,0xFFEEF1EC,0xFFEEF1EC,0xFFEEF1EC,0xFFEEF1EC,0xFFEEF1EC,0xFFEEF1EC,0xFFEEF1EC,
  0xFFEEF1EC,0xFFEEF1EC,0xFFEEF1EC,0xFFEEF1EC,0xFFEEF1EC,0xFFEEF1EC,0xFFEEF1EC,0xFFEEF1EC,0xFFEEF1EC,0xFFEEF1EC,0xFFEEF1EC,0xFFEEF1EC,
  0xFFEEF1EC,0xFFEEF1EC,0xFFEEF1EC,0xFFEEF1EC,0xFFEEF1EC,0xFFEEF1EC,0xFFEEF1EC,0xFFEEF1EC,0xFFEEF1EC,0xFFEEF1EC,0xFFEEF1EC,0xFFEEF1EC,
  0xFFEEF1EC,0xFFEEF1EC,0xFFEEF1EC,0xFFEEF1EC,0xFFEEF1EC,0xFFEEF1EC,0xFFEEF1EC,0xFFEEF1EC,0xFFEEF1EC,0xFFEEF1EC,0xFFEEF1EC,0xFFEEF1EC,
  0xFFEEF1EC,0xFFEEF1EC,0xFFEEF1EC,0xFFEEF1EC,0xFFEEF1EC,0xFFEEF1EC,0xFFEEF1EC,0xFFEEF1EC,0xFFEEF1EC,0xFFEEF1EC,0xFFEEF1EC,0xFFEEF1EC,
  0xFFEEF1EC,0xFFEEF1EC,0xFFEEF1EC,0xFFEEF1EC,0xFFEEF1EC,0xFFEEF1EC,0xFFEEF1EC,0xFFEEF1EC,0xFFEEF1EC,0xFFEEF1EC,0xFFEEF1EC,0xFFEEF1EC,
  0xFFEEF1EC,0xFFEEF1EC,0xFFEEF1EC,0xFFEEF1EC,0xFFEEF1EC,0xFFEEF1EC,0xFFEEF1EC,0xFFEEF1EC,0xFFEEF1EC,0xFFEEF1EC,0xFFEEF1EC,0xFFEEF1EC,
  0xFFEEF1EC,0xFFEEF1EC,0xFFEEF1EC,0xFFEEF1EC,0xFFEEF1EC,0xFFEEF1EC,0xFFEEF1EC,0xFFEEF1EC,0xFFEEF1EC,0xFFEEF1EC,0xFFEEF1EC,0xFFEEF1EC,
  0xFFEEF1EC,0xFFEEF1EC,0xFFEEF1EC,0xFFEEF1EC,0xFFEEF1EC,0xFFEEF1EC,0xFFEEF1EC,0xFFEEF1EC,0xFFEEF1EC,0xFFEEF1EC,0xFFEEF1EC,0xFFEEF1EC,
  0xFFEEF1EC,0xFFEEF1EC,0xFFEEF1EC,0xFFEEF1EC,0xFFEEF1EC,0xFFEEF1EC,0xFFEEF1EC,0xFFEEF1EC,0xFFEEF1EC,0xFFEEF1EC,0xFFEEF1EC,0xFFEEF1EC,
  0xFFEEF1EC,0xFFEEF1EC,0xFFEEF1EC,0xFFEEF1EC,0xFFEEF1EC,0xFFEEF1EC,0xFFEEF1EC,0xFFEEF1EC,0xFFEEF1EC,0xFFEEF1EC,0xFFEEF1EC,0xFFEEF1EC,
  0xFFEEF1EC,0xFFEEF1EC,0xFFEEF1EC,0xFFEEF1EC,0xFFEEF1EC,0xFFEEF1EC,0xFFEEF1EC,0xFFEEF1EC,0xFFEEF1EC,0xFFEEF1EC,0xFFEEF1EC,0xFFEEF1EC,
  0xFFEEF1EC,0xFFEEF1EC,0xFFEEF1EC,0xFFEEF1EC,0xFFEEF1EC,0xFFEEF1EC,0xFFEEF1EC,0xFFEEF1EC,0xFFEEF1EC,0xFFEEF1EC,0xFFEEF1EC,0xFFEEF1EC,
  0xFFEEF1EC,0xFFEEF1EC,0xFFEEF1EC,0xFFEEF1EC,0xFFEEF1EC,0xFFEEF1EC,0xFFEEF1EC,0xFFEEF1EC,0xFFEEF1EC,0xFFEEF1EC,0xFFEEF1EC,0xFFEEF1EC,
  0xFFEEF1EC,0xFFEEF1EC,0xFFEEF1EC,0xFFEEF1EC,0xFFEEF1EC,0xFFEEF1EC,0xFFEEF1EC,0xFFEEF1EC,0xFFEEF1EC,0xFFEEF1EC,0xFF3D576E,0xFF3D576E,
  0xFF3D576E,0xFF3D576E,0xFF3D576E,0xFFD9D9D9,0xFFD9D9D9,0xFF3D576E,0xFFD9D9D9,0xFFD9D9D9,0xFF3D576E,0xFFD9D9D9,0xFFD9D9D9,0xFFD9D9D9,
  0xFFD9D9D9,0xFFD9D9D9,0xFFD9D9D9,0xFFD9D9D9,0xFFD9D9D9,0xFF3D576E,0xFFD9D9D9,0xFFD9D9D9,0xFFD9D9D9,0xFF3D576E,0xFF3D576E,0xFF3D576E,
  0xFF3D576E,0xFF3D576E,0xFFD9D9D9,0xFFD9D9D9,0xFF3D576E,0xFF3D576E,0xFF3D576E,0xFFD9D9D9,0xFFD9D9D9,0xFF3D576E,0xFFD9D9D9,0xFFD9D9D9,
  0xFF3D576E,0xFFD9D9D9,0xFFD9D9D9,0xFF3D576E,0xFFD9D9D9,0xFFD9D9D9,0xFF3D576E,0xFFD9D9D9,0xFFD9D9D9,0xFF3D576E,0xFFD9D9D9,0xFFD9D9D9,
  0xFF3D576E,0xFF3D576E,0xFF3D576E,0xFF3D576E,0xFF3D576E,0xFFEEF1EC,0xFFEEF1EC,0xFFEEF1EC,0xFFEEF1EC,0xFFEEF1EC,0xFFEEF1EC,0xFFEEF1EC,
  0xFFEEF1EC,0xFFEEF1EC,0xFFEEF1EC,0xFFEEF1EC,0xFFEEF1EC,0xFFEEF1EC,0xFFEEF1EC,0xFFEEF1EC,0xFFEEF1EC,0xFFEEF1EC,0xFFEEF1EC,0xFFEEF1EC,
  0xFFEEF1EC,0xFFEEF1EC,0xFFEEF1EC,0xFFEEF1EC,0xFFEEF1EC,0xFFEEF1EC,0xFFEEF1EC,0xFFEEF1EC,0xFFEEF1EC,0xFFEEF1EC,0xFFEEF1EC,0xFFEEF1EC,
  0xFFEEF1EC,0xFFEEF1EC,0xFFEEF1EC,0xFFEEF1EC,0xFFEEF1EC,0xFFEEF1EC,0xFFEEF1EC,0xFFEEF1EC,0xFFEEF1EC,0xFFEEF1EC,0xFFEEF1EC,0xFFEEF1EC,
  0xFFEEF1EC,0xFFEEF1EC,0xFFEEF1EC,0xFFEEF1EC,0xFFEEF1EC,0xFFEEF1EC,0xFFEEF1EC,0xFFEEF1EC,0xFFEEF1EC,0xFFEEF1EC,0xFFEEF1EC,0xFFEEF1EC,
  0xFFEEF1EC,0xFFEEF1EC,0xFFEEF1EC,0xFFEEF1EC,0xFFEEF1EC,0xFFEEF1EC,0xFFEEF1EC,0xFFEEF1EC,0xFFEEF1EC,0xFFEEF1EC,0xFFEEF1EC,0xFFEEF1EC,
  0xFFEEF1EC,0xFFEEF1EC,0xFFEEF1EC,0xFFEEF1EC,0xFFEEF1EC,0xFFEEF1EC,0xFFEEF1EC,0xFFEEF1EC,0xFFEEF1EC,0xFFEEF1EC,0xFFEEF1EC,0xFFEEF1EC,
  0xFFEEF1EC,0xFFEEF1EC,0xFFEEF1EC,0xFFEEF1EC,0xFFEEF1EC,0xFFEEF1EC,0xFFEEF1EC,0xFFEEF1EC,0xFFEEF1EC,0xFFEEF1EC,0xFFEEF1EC,0xFFEEF1EC,
  0xFFEEF1EC,0xFFEEF1EC,0xFFEEF1EC,0xFFEEF1EC,0xFFEEF1EC,0xFFEEF1EC,0xFFEEF1EC,0xFFEEF1EC,0xFFEEF1EC,0xFFEEF1EC,0xFFEEF1EC,0xFFEEF1EC,
  0xFFEEF1EC,0xFFEEF1EC,0xFFEEF1EC,0xFFEEF1EC,0xFFEEF1EC,0xFFEEF1EC,0xFFEEF1EC,0xFFEEF1EC,0xFFEEF1EC,0xFFEEF1EC,0xFFEEF1EC,0xFFEEF1EC,
  0xFFEEF1EC,0xFFEEF1EC,0xFFEEF1EC,0xFFEEF1EC,0xFFEEF1EC,0xFFEEF1EC,0xFFEEF1EC,0xFFEEF1EC,0xFFEEF1EC,0xFFEEF1EC,0xFFEEF1EC,0xFFEEF1EC,
  0xFFEEF1EC,0xFFEEF1EC,0xFFEEF1EC,0xFFEEF1EC,0xFFEEF1EC,0xFFEEF1EC,0xFFEEF1EC,0xFFEEF1EC,0xFFEEF1EC,0xFFEEF1EC,0xFFEEF1EC,0xFFEEF1EC,
  0xFFEEF1EC,0xFFEEF1EC,0xFFEEF1EC,0xFFEEF1EC,0xFFEEF1EC,0xFFEEF1EC,0xFFEEF1EC,0xFFEEF1EC,0xFFEEF1EC,0xFFEEF1EC,0xFFEEF1EC,0xFFEEF1EC,
  0xFFEEF1EC,0xFFEEF1EC,0xFFEEF1EC,0xFFEEF1EC,0xFFEEF1EC,0xFFEEF1EC,0xFFEEF1EC,0xFFEEF1EC,0xFFEEF1EC,0xFFEEF1EC,0xFFEEF1EC,0xFFEEF1EC,
  0xFFEEF1EC,0xFFEEF1EC,0xFFEEF1EC,0xFFEEF1EC,0xFFEEF1EC,0xFFEEF1EC,0xFFEEF1EC,0xFFEEF1EC,0xFFEEF1EC,0xFFEEF1EC,0xFFEEF1EC,0xFFEEF1EC,
  0xFFEEF1EC,0xFFEEF1EC,0xFFEEF1EC,0xFFEEF1EC,0xFFEEF1EC,0xFFEEF1EC,0xFFEEF1EC,0xFFEEF1EC,0xFFEEF1EC,0xFFEEF1EC,0xFFEEF1EC,0xFFEEF1EC,
  0xFFEEF1EC,0xFFEEF1EC,0xFFEEF1EC,0xFFEEF1EC,0xFFEEF1EC,0xFFEEF1EC,0xFFEEF1EC,0xFFEEF1EC,0xFFEEF1EC,0xFFEEF1EC,0xFFEEF1EC,0xFFEEF1EC,
  0xFFEEF1EC,0xFFEEF1EC,0xFFEEF1EC,0xFFEEF1EC,0xFFEEF1EC,0xFFEEF1EC,0xFFEEF1EC,0xFFEEF1EC,0xFFEEF1EC,0xFFEEF1EC,0xFFEEF1EC,0xFFEEF1EC,
  0xFFEEF1EC,0xFFEEF1EC,0xFFEEF1EC,0xFFEEF1EC,0xFFEEF1EC,0xFFEEF1EC,0xFFEEF1EC,0xFFEEF1EC,0xFFEEF1EC,0xFFEEF1EC,0xFFEEF1EC,0xFFEEF1EC,
  0xFFEEF1EC,0xFFEEF1EC,0xFFEEF1EC,0xFFEEF1EC,0xFFEEF1EC,0xFFEEF1EC,0xFFEEF1EC,0xFFEEF1EC,0xFFEEF1EC,0xFFEEF1EC,0xFFEEF1EC,0xFFEEF1EC,
  0xFFEEF1EC,0xFFEEF1EC,0xFFEEF1EC,0xFFEEF1EC,0xFFEEF1EC,0xFFEEF1EC,0xFFEEF1EC,0xFFEEF1EC,0xFFEEF1EC,0xFFEEF1EC,0xFFEEF1EC,0xFFEEF1EC,
  0xFFEEF1EC,0xFFEEF1EC,0xFFEEF1EC,0xFFEEF1EC,0xFFEEF1EC,0xFFEEF1EC,0xFFEEF1EC,0xFFEEF1EC,0xFFEEF1EC,0xFFEEF1EC,0xFFEEF1EC,0xFFEEF1EC,
  0xFFEEF1EC,0xFFEEF1EC,0xFFEEF1EC,0xFFEEF1EC,0xFFEEF1EC,0xFFEEF1EC,0xFFEEF1EC,0xFFEEF1EC,0xFFEEF1EC,0xFFEEF1EC,0xFFEEF1EC,0xFFEEF1EC,
  0xFFEEF1EC,0xFFEEF1EC,0xFFEEF1EC,0xFFEEF1EC,0xFFEEF1EC,0xFFEEF1EC,0xFFEEF1EC,0xFFEEF1EC,0xFFEEF1EC,0xFFEEF1EC,0xFFEEF1EC,0xFFEEF1EC,
  0xFFEEF1EC,0xFFEEF1EC,0xFFEEF1EC,0xFFEEF1EC,0xFFEEF1EC,0xFFEEF1EC,0xFFEEF1EC,0xFFEEF1EC,0xFFEEF1EC,0xFFEEF1EC,0xFFEEF1EC,0xFFEEF1EC,
  0xFFEEF1EC,0xFFEEF1EC,0xFFEEF1EC,0xFFEEF1EC,0xFFEEF1EC,0xFFEEF1EC,0xFFEEF1EC,0xFFEEF1EC,0xFFEEF1EC,0xFFEEF1EC,0xFF3D576E,0xFF3D576E,
  0xFF3D576E,0xFF3D576E,0xFF3D576E,0xFFD9D9D9,0xFFD9D9D9,0xFF3D576E,0xFFD9D9D9,0xFFD9D9D9,0xFF3D576E,0xFFD9D9D9,0xFFD9D9D9,0xFFD9D9D9,
  0xFFD9D9D9,0xFFD9D9D9,0xFFD9D9D9,0xFFD9D9D9,0xFFD9D9D9,0xFF3D576E,0xFFD9D9D9,0xFFD9D9D9,0xFFD9D9D9,0xFFD9D9D9,0xFF3D576E,0xFF3D576E,
  0xFF3D576E,0xFF3D576E,0xFFD9D9D9,0xFFD9D9D9,0xFF3D576E,0xFF3D576E,0xFF3D576E,0xFFD9D9D9,0xFFD9D9D9,0xFFD9D9D9,0xFFD9D9D9,0xFFD9D9D9,
  0xFF3D576E,0xFFD9D9D9,0xFFD9D9D9,0xFF3D576E,0xFFD9D9D9,0xFFD9D9D9,0xFF3D576E,0xFFD9D9D9,0xFFD9D9D9,0xFF3D576E,0xFFD9D9D9,0xFFD9D9D9,
  0xFF3D576E,0xFF3D576E,0xFF3D576E,0xFF3D576E,0xFF3D576E,0xFFEEF1EC,0xFFEEF1EC,0xFFEEF1EC,0xFFEEF1EC,0xFFEEF1EC,0xFFEEF1EC,0xFFEEF1EC,
  0xFFEEF1EC,0xFFEEF1EC,0xFFEEF1EC,0xFFEEF1EC,0xFFEEF1EC,0xFFEEF1EC,0xFFEEF1EC,0xFFEEF1EC,0xFFEEF1EC,0xFFEEF1EC,0xFFEEF1EC,0xFFEEF1EC,
  0xFFEEF1EC,0xFFEEF1EC,0xFFEEF1EC,0xFFEEF1EC,0xFFEEF1EC,0xFFEEF1EC,0xFFEEF1EC,0xFFEEF1EC,0xFFEEF1EC,0xFFEEF1EC,0xFFEEF1EC,0xFFEEF1EC,
  0xFFEEF1EC,0xFFEEF1EC,0xFFEEF1EC,0xFFEEF1EC,0xFFEEF1EC,0xFFEEF1EC,0xFFEEF1EC,0xFFEEF1EC,0xFFEEF1EC,0xFFEEF1EC,0xFFEEF1EC,0xFFEEF1EC,
  0xFFEEF1EC,0xFFEEF1EC,0xFFEEF1EC,0xFFEEF1EC,0xFFEEF1EC,0xFFEEF1EC,0xFFEEF1EC,0xFFEEF1EC,0xFFEEF1EC,0xFFEEF1EC,0xFFEEF1EC,0xFFEEF1EC,
  0xFFEEF1EC,0xFFEEF1EC,0xFFEEF1EC,0xFFEEF1EC,0xFFEEF1EC,0xFFEEF1EC,0xFFEEF1EC,0xFFEEF1EC,0xFFEEF1EC,0xFFEEF1EC,0xFFEEF1EC,0xFFEEF1EC,
  0xFFEEF1EC,0xFFEEF1EC,0xFFEEF1EC,0xFFEEF1EC,0xFFEEF1EC,0xFFEEF1EC,0xFFEEF1EC,0xFFEEF1EC,0xFFEEF1EC,0xFFEEF1EC,0xFFEEF1EC,0xFFEEF1EC,
  0xFFEEF1EC,0xFFEEF1EC,0xFFEEF1EC,0xFFEEF1EC,0xFFEEF1EC,0xFFEEF1EC,0xFFEEF1EC,0xFFEEF1EC,0xFFEEF1EC,0xFFEEF1EC,0xFFEEF1EC,0xFFEEF1EC,
  0xFFEEF1EC,0xFFEEF1EC,0xFFEEF1EC,0xFFEEF1EC,0xFFEEF1EC,0xFFEEF1EC,0xFFEEF1EC,0xFFEEF1EC,0xFFEEF1EC,0xFFEEF1EC,0xFFEEF1EC,0xFFEEF1EC,
  0xFFEEF1EC,0xFFEEF1EC,0xFFEEF1EC,0xFFEEF1EC,0xFFEEF1EC,0xFFEEF1EC,0xFFEEF1EC,0xFFEEF1EC,0xFFEEF1EC,0xFFEEF1EC,0xFFEEF1EC,0xFFEEF1EC,
  0xFFEEF1EC,0xFFEEF1EC,0xFFEEF1EC,0xFFEEF1EC,0xFFEEF1EC,0xFFEEF1EC,0xFFEEF1EC,0xFFEEF1EC,0xFFEEF1EC,0xFFEEF1EC,0xFFEEF1EC,0xFFEEF1EC,
  0xFFEEF1EC,0xFFEEF1EC,0xFFEEF1EC,0xFFEEF1EC,0xFFEEF1EC,0xFFEEF1EC,0xFFEEF1EC,0xFFEEF1EC,0xFFEEF1EC,0xFFEEF1EC,0xFFEEF1EC,0xFFEEF1EC,
  0xFFEEF1EC,0xFFEEF1EC,0xFFEEF1EC,0xFFEEF1EC,0xFFEEF1EC,0xFFEEF1EC,0xFFEEF1EC,0xFFEEF1EC,0xFFEEF1EC,0xFFEEF1EC,0xFFEEF1EC,0xFFEEF1EC,
  0xFFEEF1EC,0xFFEEF1EC,0xFFEEF1EC,0xFFEEF1EC,0xFFEEF1EC,0xFFEEF1EC,0xFFEEF1EC,0xFFEEF1EC,0xFFEEF1EC,0xFFEEF1EC,0xFFEEF1EC,0xFFEEF1EC,
  0xFFEEF1EC,0xFFEEF1EC,0xFFEEF1EC,0xFFEEF1EC,0xFFEEF1EC,0xFFEEF1EC,0xFFEEF1EC,0xFFEEF1EC,0xFFEEF1EC,0xFFEEF1EC,0xFFEEF1EC,0xFFEEF1EC,
  0xFFEEF1EC,0xFFEEF1EC,0xFFEEF1EC,0xFFEEF1EC,0xFFEEF1EC,0xFFEEF1EC,0xFFEEF1EC,0xFFEEF1EC,0xFFEEF1EC,0xFFEEF1EC,0xFFEEF1EC,0xFFEEF1EC,
  0xFFEEF1EC,0xFFEEF1EC,0xFFEEF1EC,0xFFEEF1EC,0xFFEEF1EC,0xFFEEF1EC,0xFFEEF1EC,0xFFEEF1EC,0xFFEEF1EC,0xFFEEF1EC,0xFFEEF1EC,0xFFEEF1EC,
  0xFFEEF1EC,0xFFEEF1EC,0xFFEEF1EC,0xFFEEF1EC,0xFFEEF1EC,0xFFEEF1EC,0xFFEEF1EC,0xFFEEF1EC,0xFFEEF1EC,0xFFEEF1EC,0xFFEEF1EC,0xFFEEF1EC,
  0xFFEEF1EC,0xFFEEF1EC,0xFFEEF1EC,0xFFEEF1EC,0xFFEEF1EC,0xFFEEF1EC,0xFFEEF1EC,0xFFEEF1EC,0xFFEEF1EC,0xFFEEF1EC,0xFFEEF1EC,0xFFEEF1EC,
  0xFFEEF1EC,0xFFEEF1EC,0xFFEEF1EC,0xFFEEF1EC,0xFFEEF1EC,0xFFEEF1EC,0xFFEEF1EC,0xFFEEF1EC,0xFFEEF1EC,0xFFEEF1EC,0xFFEEF1EC,0xFFEEF1EC,
  0xFFEEF1EC,0xFFEEF1EC,0xFFEEF1EC,0xFFEEF1EC,0xFFEEF1EC,0xFFEEF1EC,0xFFEEF1EC,0xFFEEF1EC,0xFFEEF1EC,0xFFEEF1EC,0xFFEEF1EC,0xFFEEF1EC,
  0xFFEEF1EC,0xFFEEF1EC,0xFFEEF1EC,0xFFEEF1EC,0xFFEEF1EC,0xFFEEF1EC,0xFFEEF1EC,0xFFEEF1EC,0xFFEEF1EC,0xFFEEF1EC,0xFFEEF1EC,0xFFEEF1EC,
  0xFFEEF1EC,0xFFEEF1EC,0xFFEEF1EC,0xFFEEF1EC,0xFFEEF1EC,0xFFEEF1EC,0xFFEEF1EC,0xFFEEF1EC,0xFFEEF1EC,0xFFEEF1EC,0xFFEEF1EC,0xFFEEF1EC,
  0xFFEEF1EC,0xFFEEF1EC,0xFFEEF1EC,0xFFEEF1EC,0xFFEEF1EC,0xFFEEF1EC,0xFFEEF1EC,0xFFEEF1EC,0xFFEEF1EC,0xFFEEF1EC,0xFFEEF1EC,0xFFEEF1EC,
  0xFFEEF1EC,0xFFEEF1EC,0xFFEEF1EC,0xFFEEF1EC,0xFFEEF1EC,0xFFEEF1EC,0xFFEEF1EC,0xFFEEF1EC,0xFFEEF1EC,0xFFEEF1EC,0xFFEEF1EC,0xFFEEF1EC,
  0xFFEEF1EC,0xFFEEF1EC,0xFFEEF1EC,0xFFEEF1EC,0xFFEEF1EC,0xFFEEF1EC,0xFFEEF1EC,0xFFEEF1EC,0xFFEEF1EC,0xFFEEF1EC,0xFF3D576E,0xFF3D576E,
  0xFF3D576E,0xFF3D576E,0xFF3D576E,0xFFD9D9D9,0xFFD9D9D9,0xFF3D576E,0xFFD9D9D9,0xFFD9D9D9,0xFF3D576E,0xFFD9D9D9,0xFFD9D9D9,0xFFD9D9D9,
  0xFFD9D9D9,0xFFD9D9D9,0xFFD9D9D9,0xFFD9D9D9,0xFFD9D9D9,0xFF3D576E,0xFF3D576E,0xFF3D576E,0xFFD9D9D9,0xFFD9D9D9,0xFFD9D9D9,0xFF3D576E,
  0xFF3D576E,0xFF3D576E,0xFFD9D9D9,0xFFD9D9D9,0xFF3D576E,0xFF3D576E,0xFF3D576E,0xFFD9D9D9,0xFFD9D9D9,0xFFD9D9D9,0xFFD9D9D9,0xFF3D576E,
  0xFF3D576E,0xFFD9D9D9,0xFFD9D9D9,0xFF3D576E,0xFFD9D9D9,0xFFD9D9D9,0xFF3D576E,0xFFD9D9D9,0xFFD9D9D9,0xFF3D576E,0xFFD9D9D9,0xFFD9D9D9,
  0xFF3D576E,0xFF3D576E,0xFF3D576E,0xFF3D576E,0xFF3D576E,0xFFEEF1EC,0xFFEEF1EC,0xFFEEF1EC,0xFFEEF1EC,0xFFEEF1EC,0xFFEEF1EC,0xFFEEF1EC,
  0xFFEEF1EC,0xFFEEF1EC,0xFFEEF1EC,0xFFEEF1EC,0xFFEEF1EC,0xFFEEF1EC,0xFFEEF1EC,0xFFEEF1EC,0xFFEEF1EC,0xFFEEF1EC,0xFFEEF1EC,0xFFEEF1EC,
  0xFFEEF1EC,0xFFEEF1EC,0xFFEEF1EC,0xFFEEF1EC,0xFFEEF1EC,0xFFEEF1EC,0xFFEEF1EC,0xFFEEF1EC,0xFFEEF1EC,0xFFEEF1EC,0xFFEEF1EC,0xFFEEF1EC,
  0xFFEEF1EC,0xFFEEF1EC,0xFFEEF1EC,0xFFEEF1EC,0xFFEEF1EC,0xFFEEF1EC,0xFFEEF1EC,0xFFEEF1EC,0xFFEEF1EC,0xFFEEF1EC,0xFFEEF1EC,0xFFEEF1EC,
  0xFFEEF1EC,0xFFEEF1EC,0xFFEEF1EC,0xFFEEF1EC,0xFFEEF1EC,0xFFEEF1EC,0xFFEEF1EC,0xFFEEF1EC,0xFFEEF1EC,0xFFEEF1EC,0xFFEEF1EC,0xFFEEF1EC,
  0xFFEEF1EC,0xFFEEF1EC,0xFFEEF1EC,0xFFEEF1EC,0xFFEEF1EC,0xFFEEF1EC,0xFFEEF1EC,0xFFEEF1EC,0xFFEEF1EC,0xFFEEF1EC,0xFFEEF1EC,0xFFEEF1EC,
  0xFFEEF1EC,0xFFEEF1EC,0xFFEEF1EC,0xFFEEF1EC,0xFFEEF1EC,0xFFEEF1EC,0xFFEEF1EC,0xFFEEF1EC,0xFFEEF1EC,0xFFEEF1EC,0xFFEEF1EC,0xFFEEF1EC,
  0xFFEEF1EC,0xFFEEF1EC,0xFFEEF1EC,0xFFEEF1EC,0xFFEEF1EC,0xFFEEF1EC,0xFFEEF1EC,0xFFEEF1EC,0xFFEEF1EC,0xFFEEF1EC,0xFFEEF1EC,0xFFEEF1EC,
  0xFFEEF1EC,0xFFEEF1EC,0xFFEEF1EC,0xFFEEF1EC,0xFFEEF1EC,0xFFEEF1EC,0xFFEEF1EC,0xFFEEF1EC,0xFFEEF1EC,0xFFEEF1EC,0xFFEEF1EC,0xFFEEF1EC,
  0xFFEEF1EC,0xFFEEF1EC,0xFFEEF1EC,0xFFEEF1EC,0xFFEEF1EC,0xFFEEF1EC,0xFFEEF1EC,0xFFEEF1EC,0xFFEEF1EC,0xFFEEF1EC,0xFFEEF1EC,0xFFEEF1EC,
  0xFFEEF1EC,0xFFEEF1EC,0xFFEEF1EC,0xFFEEF1EC,0xFFEEF1EC,0xFFEEF1EC,0xFFEEF1EC,0xFFEEF1EC,0xFFEEF1EC,0xFFEEF1EC,0xFFEEF1EC,0xFFEEF1EC,
  0xFFEEF1EC,0xFFEEF1EC,0xFFEEF1EC,0xFFEEF1EC,0xFFEEF1EC,0xFFEEF1EC,0xFFEEF1EC,0xFFEEF1EC,0xFFEEF1EC,0xFFEEF1EC,0xFFEEF1EC,0xFFEEF1EC,
  0xFFEEF1EC,0xFFEEF1EC,0xFFEEF1EC,0xFFEEF1EC,0xFFEEF1EC,0xFFEEF1EC,0xFFEEF1EC,0xFFEEF1EC,0xFFEEF1EC,0xFFEEF1EC,0xFFEEF1EC,0xFFEEF1EC,
  0xFFEEF1EC,0xFFEEF1EC,0xFFEEF1EC,0xFFEEF1EC,0xFFEEF1EC,0xFFEEF1EC,0xFFEEF1EC,0xFFEEF1EC,0xFFEEF1EC,0xFFEEF1EC,0xFFEEF1EC,0xFFEEF1EC,
  0xFFEEF1EC,0xFFEEF1EC,0xFFEEF1EC,0xFFEEF1EC,0xFFEEF1EC,0xFFEEF1EC,0xFFEEF1EC,0xFFEEF1EC,0xFFEEF1EC,0xFFEEF1EC,0xFFEEF1EC,0xFFEEF1EC,
  0xFFEEF1EC,0xFFEEF1EC,0xFFEEF1EC,0xFFEEF1EC,0xFFEEF1EC,0xFFEEF1EC,0xFFEEF1EC,0xFFEEF1EC,0xFFEEF1EC,0xFFEEF1EC,0xFFEEF1EC,0xFFEEF1EC,
  0xFFEEF1EC,0xFFEEF1EC,0xFFEEF1EC,0xFFEEF1EC,0xFFEEF1EC,0xFFEEF1EC,0xFFEEF1EC,0xFFEEF1EC,0xFFEEF1EC,0xFFEEF1EC,0xFFEEF1EC,0xFFEEF1EC,
  0xFFEEF1EC,0xFFEEF1EC,0xFFEEF1EC,0xFFEEF1EC,0xFFEEF1EC,0xFFEEF1EC,0xFFEEF1EC,0xFFEEF1EC,0xFFEEF1EC,0xFFEEF1EC,0xFFEEF1EC,0xFFEEF1EC,
  0xFFEEF1EC,0xFFEEF1EC,0xFFEEF1EC,0xFFEEF1EC,0xFFEEF1EC,0xFFEEF1EC,0xFFEEF1EC,0xFFEEF1EC,0xFFEEF1EC,0xFFEEF1EC,0xFFEEF1EC,0xFFEEF1EC,
  0xFFEEF1EC,0xFFEEF1EC,0xFFEEF1EC,0xFFEEF1EC,0xFFEEF1EC,0xFFEEF1EC,0xFFEEF1EC,0xFFEEF1EC,0xFFEEF1EC,0xFFEEF1EC,0xFFEEF1EC,0xFFEEF1EC,
  0xFFEEF1EC,0xFFEEF1EC,0xFFEEF1EC,0xFFEEF1EC,0xFFEEF1EC,0xFFEEF1EC,0xFFEEF1EC,0xFFEEF1EC,0xFFEEF1EC,0xFFEEF1EC,0xFFEEF1EC,0xFFEEF1EC,
  0xFFEEF1EC,0xFFEEF1EC,0xFFEEF1EC,0xFFEEF1EC,0xFFEEF1EC,0xFFEEF1EC,0xFFEEF1EC,0xFFEEF1EC,0xFFEEF1EC,0xFFEEF1EC,0xFFEEF1EC,0xFFEEF1EC,
  0xFFEEF1EC,0xFFEEF1EC,0xFFEEF1EC,0xFFEEF1EC,0xFFEEF1EC,0xFFEEF1EC,0xFFEEF1EC,0xFFEEF1EC,0xFFEEF1EC,0xFFEEF1EC,0xFFEEF1EC,0xFFEEF1EC,
  0xFFEEF1EC,0xFFEEF1EC,0xFFEEF1EC,0xFFEEF1EC,0xFFEEF1EC,0xFFEEF1EC,0xFFEEF1EC,0xFFEEF1EC,0xFFEEF1EC,0xFFEEF1EC,0xFFEEF1EC,0xFFEEF1EC,
  0xFFEEF1EC,0xFFEEF1EC,0xFFEEF1EC,0xFFEEF1EC,0xFFEEF1EC,0xFFEEF1EC,0xFFEEF1EC,0xFFEEF1EC,0xFFEEF1EC,0xFFEEF1EC,0xFFEEF1EC,0xFFEEF1EC,
  0xFFEEF1EC,0xFFEEF1EC,0xFFEEF1EC,0xFFEEF1EC,0xFFEEF1EC,0xFFEEF1EC,0xFFEEF1EC,0xFFEEF1EC,0xFFEEF1EC,0xFFEEF1EC,0xFF3D576E,0xFF3D576E,
  0xFF3D576E,0xFF3D576E,0xFF3D576E,0xFFD9D9D9,0xFFD9D9D9,0xFF3D576E,0xFFD9D9D9,0xFFD9D9D9,0xFF3D576E,0xFFD9D9D9,0xFFD9D9D9,0xFF3D576E,
  0xFFD9D9D9,0xFFD9D9D9,0xFF3D576E,0xFFD9D9D9,0xFFD9D9D9,0xFF3D576E,0xFF3D576E,0xFF3D576E,0xFF3D576E,0xFFD9D9D9,0xFFD9D9D9,0xFF3D576E,
  0xFF3D576E,0xFF3D576E,0xFFD9D9D9,0xFFD9D9D9,0xFF3D576E,0xFF3D576E,0xFF3D576E,0xFFD9D9D9,0xFFD9D9D9,0xFF3D576E,0xFFD9D9D9,0xFFD9D9D9,
  0xFF3D576E,0xFFD9D9D9,0xFFD9D9D9,0xFF3D576E,0xFFD9D9D9,0xFFD9D9D9,0xFF3D576E,0xFFD9D9D9,0xFFD9D9D9,0xFF3D576E,0xFFD9D9D9,0xFFD9D9D9,
  0xFF3D576E,0xFF3D576E,0xFF3D576E,0xFF3D576E,0xFF3D576E,0xFFEEF1EC,0xFFEEF1EC,0xFFEEF1EC,0xFFEEF1EC,0xFFEEF1EC,0xFFEEF1EC,0xFFEEF1EC,
  0xFFEEF1EC,0xFFEEF1EC,0xFFEEF1EC,0xFFEEF1EC,0xFFEEF1EC,0xFFEEF1EC,0xFFEEF1EC,0xFFEEF1EC,0xFFEEF1EC,0xFFEEF1EC,0xFFEEF1EC,0xFFEEF1EC,
  0xFFEEF1EC,0xFFEEF1EC,0xFFEEF1EC,0xFFEEF1EC,0xFFEEF1EC,0xFFEEF1EC,0xFFEEF1EC,0xFFEEF1EC,0xFFEEF1EC,0xFFEEF1EC,0xFFEEF1EC,0xFFEEF1EC,
  0xFFEEF1EC,0xFFEEF1EC,0xFFEEF1EC,0xFFEEF1EC,0xFFEEF1EC,0xFFEEF1EC,0xFFEEF1EC,0xFFEEF1EC,0xFFEEF1EC,0xFFEEF1EC,0xFFEEF1EC,0xFFEEF1EC,
  0xFFEEF1EC,0xFFEEF1EC,0xFFEEF1EC,0xFFEEF1EC,0xFFEEF1EC,0xFFEEF1EC,0xFFEEF1EC,0xFFEEF1EC,0xFFEEF1EC,0xFFEEF1EC,0xFFEEF1EC,0xFFEEF1EC,
  0xFFEEF1EC,0xFFEEF1EC,0xFFEEF1EC,0xFFEEF1EC,0xFFEEF1EC,0xFFEEF1EC,0xFFEEF1EC,0xFFEEF1EC,0xFFEEF1EC,0xFFEEF1EC,0xFFEEF1EC,0xFFEEF1EC,
  0xFFEEF1EC,0xFFEEF1EC,0xFFEEF1EC,0xFFEEF1EC,0xFFEEF1EC,0xFFEEF1EC,0xFFEEF1EC,0xFFEEF1EC,0xFFEEF1EC,0xFFEEF1EC,0xFFEEF1EC,0xFFEEF1EC,
  0xFFEEF1EC,0xFFEEF1EC,0xFFEEF1EC,0xFFEEF1EC,0xFFEEF1EC,0xFFEEF1EC,0xFFEEF1EC,0xFFEEF1EC,0xFFEEF1EC,0xFFEEF1EC,0xFFEEF1EC,0xFFEEF1EC,
  0xFFEEF1EC,0xFFEEF1EC,0xFFEEF1EC,0xFFEEF1EC,0xFFEEF1EC,0xFFEEF1EC,0xFFEEF1EC,0xFFEEF1EC,0xFFEEF1EC,0xFFEEF1EC,0xFFEEF1EC,0xFFEEF1EC,
  0xFFEEF1EC,0xFFEEF1EC,0xFFEEF1EC,0xFFEEF1EC,0xFFEEF1EC,0xFFEEF1EC,0xFFEEF1EC,0xFFEEF1EC,0xFFEEF1EC,0xFFEEF1EC,0xFFEEF1EC,0xFFEEF1EC,
  0xFFEEF1EC,0xFFEEF1EC,0xFFEEF1EC,0xFFEEF1EC,0xFFEEF1EC,0xFFEEF1EC,0xFFEEF1EC,0xFFEEF1EC,0xFFEEF1EC,0xFFEEF1EC,0xFFEEF1EC,0xFFEEF1EC,
  0xFFEEF1EC,0xFFEEF1EC,0xFFEEF1EC,0xFFEEF1EC,0xFFEEF1EC,0xFFEEF1EC,0xFFEEF1EC,0xFFEEF1EC,0xFFEEF1EC,0xFFEEF1EC,0xFFEEF1EC,0xFFEEF1EC,
  0xFFEEF1EC,0xFFEEF1EC,0xFFEEF1EC,0xFFEEF1EC,0xFFEEF1EC,0xFFEEF1EC,0xFFEEF1EC,0xFFEEF1EC,0xFFEEF1EC,0xFFEEF1EC,0xFFEEF1EC,0xFFEEF1EC,
  0xFFEEF1EC,0xFFEEF1EC,0xFFEEF1EC,0xFFEEF1EC,0xFFEEF1EC,0xFFEEF1EC,0xFFEEF1EC,0xFFEEF1EC,0xFFEEF1EC,0xFFEEF1EC,0xFFEEF1EC,0xFFEEF1EC,
  0xFFEEF1EC,0xFFEEF1EC,0xFFEEF1EC,0xFFEEF1EC,0xFFEEF1EC,0xFFEEF1EC,0xFFEEF1EC,0xFFEEF1EC,0xFFEEF1EC,0xFFEEF1EC,0xFFEEF1EC,0xFFEEF1EC,
  0xFFEEF1EC,0xFFEEF1EC,0xFFEEF1EC,0xFFEEF1EC,0xFFEEF1EC,0xFFEEF1EC,0xFFEEF1EC,0xFFEEF1EC,0xFFEEF1EC,0xFFEEF1EC,0xFFEEF1EC,0xFFEEF1EC,
  0xFFEEF1EC,0xFFEEF1EC,0xFFEEF1EC,0xFFEEF1EC,0xFFEEF1EC,0xFFEEF1EC,0xFFEEF1EC,0xFFEEF1EC,0xFFEEF1EC,0xFFEEF1EC,0xFFEEF1EC,0xFFEEF1EC,
  0xFFEEF1EC,0xFFEEF1EC,0xFFEEF1EC,0xFFEEF1EC,0xFFEEF1EC,0xFFEEF1EC,0xFFEEF1EC,0xFFEEF1EC,0xFFEEF1EC,0xFFEEF1EC,0xFFEEF1EC,0xFFEEF1EC,
  0xFFEEF1EC,0xFFEEF1EC,0xFFEEF1EC,0xFFEEF1EC,0xFFEEF1EC,0xFFEEF1EC,0xFFEEF1EC,0xFFEEF1EC,0xFFEEF1EC,0xFFEEF1EC,0xFFEEF1EC,0xFFEEF1EC,
  0xFFEEF1EC,0xFFEEF1EC,0xFFEEF1EC,0xFFEEF1EC,0xFFEEF1EC,0xFFEEF1EC,0xFFEEF1EC,0xFFEEF1EC,0xFFEEF1EC,0xFFEEF1EC,0xFFEEF1EC,0xFFEEF1EC,
  0xFFEEF1EC,0xFFEEF1EC,0xFFEEF1EC,0xFFEEF1EC,0xFFEEF1EC,0xFFEEF1EC,0xFFEEF1EC,0xFFEEF1EC,0xFFEEF1EC,0xFFEEF1EC,0xFFEEF1EC,0xFFEEF1EC,
  0xFFEEF1EC,0xFFEEF1EC,0xFFEEF1EC,0xFFEEF1EC,0xFFEEF1EC,0xFFEEF1EC,0xFFEEF1EC,0xFFEEF1EC,0xFFEEF1EC,0xFFEEF1EC,0xFFEEF1EC,0xFFEEF1EC,
  0xFFEEF1EC,0xFFEEF1EC,0xFFEEF1EC,0xFFEEF1EC,0xFFEEF1EC,0xFFEEF1EC,0xFFEEF1EC,0xFFEEF1EC,0xFFEEF1EC,0xFFEEF1EC,0xFFEEF1EC,0xFFEEF1EC,
  0xFFEEF1EC,0xFFEEF1EC,0xFFEEF1EC,0xFFEEF1EC,0xFFEEF1EC,0xFFEEF1EC,0xFFEEF1EC,0xFFEEF1EC,0xFFEEF1EC,0xFFEEF1EC,0xFFEEF1EC,0xFFEEF1EC,
  0xFFEEF1EC,0xFFEEF1EC,0xFFEEF1EC,0xFFEEF1EC,0xFFEEF1EC,0xFFEEF1EC,0xFFEEF1EC,0xFFEEF1EC,0xFFEEF1EC,0xFFEEF1EC,0xFFEEF1EC,0xFFEEF1EC,
  0xFFEEF1EC,0xFFEEF1EC,0xFFEEF1EC,0xFFEEF1EC,0xFFEEF1EC,0xFFEEF1EC,0xFFEEF1EC,0xFFEEF1EC,0xFFEEF1EC,0xFFEEF1EC,0xFF3D576E,0xFF3D576E,
  0xFF3D576E,0xFF3D576E,0xFF3D576E,0xFFD9D9D9,0xFFD9D9D9,0xFFD9D9D9,0xFFD9D9D9,0xFFD9D9D9,0xFF3D576E,0xFFD9D9D9,0xFFD9D9D9,0xFF3D576E,
  0xFFD9D9D9,0xFFD9D9D9,0xFF3D576E,0xFFD9D9D9,0xFFD9D9D9,0xFF3D576E,0xFFD9D9D9,0xFFD9D9D9,0xFF3D576E,0xFFD9D9D9,0xFFD9D9D9,0xFF3D576E,
  0xFF3D576E,0xFF3D576E,0xFFD9D9D9,0xFFD9D9D9,0xFF3D576E,0xFF3D576E,0xFF3D576E,0xFFD9D9D9,0xFFD9D9D9,0xFF3D576E,0xFFD9D9D9,0xFFD9D9D9,
  0xFF3D576E,0xFFD9D9D9,0xFFD9D9D9,0xFFD9D9D9,0xFFD9D9D9,0xFFD9D9D9,0xFF3D576E,0xFFD9D9D9,0xFFD9D9D9,0xFF3D576E,0xFFD9D9D9,0xFFD9D9D9,
  0xFF3D576E,0xFF3D576E,0xFF3D576E,0xFF3D576E,0xFF3D576E,0xFFEEF1EC,0xFFEEF1EC,0xFFEEF1EC,0xFFEEF1EC,0xFFEEF1EC,0xFFEEF1EC,0xFFEEF1EC,
  0xFFEEF1EC,0xFFEEF1EC,0xFFEEF1EC,0xFFEEF1EC,0xFFEEF1EC,0xFFEEF1EC,0xFFEEF1EC,0xFFEEF1EC,0xFFEEF1EC,0xFFEEF1EC,0xFFEEF1EC,0xFFEEF1EC,
  0xFFEEF1EC,0xFFEEF1EC,0xFFEEF1EC,0xFFEEF1EC,0xFFEEF1EC,0xFFEEF1EC,0xFFEEF1EC,0xFFEEF1EC,0xFFEEF1EC,0xFFEEF1EC,0xFFEEF1EC,0xFFEEF1EC,
  0xFFEEF1EC,0xFFEEF1EC,0xFFEEF1EC,0xFFEEF1EC,0xFFEEF1EC,0xFFEEF1EC,0xFFEEF1EC,0xFFEEF1EC,0xFFEEF1EC,0xFFEEF1EC,0xFFEEF1EC,0xFFEEF1EC,
  0xFFEEF1EC,0xFFEEF1EC,0xFFEEF1EC,0xFFEEF1EC,0xFFEEF1EC,0xFFEEF1EC,0xFFEEF1EC,0xFFEEF1EC,0xFFEEF1EC,0xFFEEF1EC,0xFFEEF1EC,0xFFEEF1EC,
  0xFFEEF1EC,0xFFEEF1EC,0xFFEEF1EC,0xFFEEF1EC,0xFFEEF1EC,0xFFEEF1EC,0xFFEEF1EC,0xFFEEF1EC,0xFFEEF1EC,0xFFEEF1EC,0xFFEEF1EC,0xFFEEF1EC,
  0xFFEEF1EC,0xFFEEF1EC,0xFFEEF1EC,0xFFEEF1EC,0xFFEEF1EC,0xFFEEF1EC,0xFFEEF1EC,0xFFEEF1EC,0xFFEEF1EC,0xFFEEF1EC,0xFFEEF1EC,0xFFEEF1EC,
  0xFFEEF1EC,0xFFEEF1EC,0xFFEEF1EC,0xFFEEF1EC,0xFFEEF1EC,0xFFEEF1EC,0xFFEEF1EC,0xFFEEF1EC,0xFFEEF1EC,0xFFEEF1EC,0xFFEEF1EC,0xFFEEF1EC,
  0xFFEEF1EC,0xFFEEF1EC,0xFFEEF1EC,0xFFEEF1EC,0xFFEEF1EC,0xFFEEF1EC,0xFFEEF1EC,0xFFEEF1EC,0xFFEEF1EC,0xFFEEF1EC,0xFFEEF1EC,0xFFEEF1EC,
  0xFFEEF1EC,0xFFEEF1EC,0xFFEEF1EC,0xFFEEF1EC,0xFFEEF1EC,0xFFEEF1EC,0xFFEEF1EC,0xFFEEF1EC,0xFFEEF1EC,0xFFEEF1EC,0xFFEEF1EC,0xFFEEF1EC,
  0xFFEEF1EC,0xFFEEF1EC,0xFFEEF1EC,0xFFEEF1EC,0xFFEEF1EC,0xFFEEF1EC,0xFFEEF1EC,0xFFEEF1EC,0xFFEEF1EC,0xFFEEF1EC,0xFFEEF1EC,0xFFEEF1EC,
  0xFFEEF1EC,0xFFEEF1EC,0xFFEEF1EC,0xFFEEF1EC,0xFFEEF1EC,0xFFEEF1EC,0xFFEEF1EC,0xFFEEF1EC,0xFFEEF1EC,0xFFEEF1EC,0xFFEEF1EC,0xFFEEF1EC,
  0xFFEEF1EC,0xFFEEF1EC,0xFFEEF1EC,0xFFEEF1EC,0xFFEEF1EC,0xFFEEF1EC,0xFFEEF1EC,0xFFEEF1EC,0xFFEEF1EC,0xFFEEF1EC,0xFFEEF1EC,0xFFEEF1EC,
  0xFFEEF1EC,0xFFEEF1EC,0xFFEEF1EC,0xFFEEF1EC,0xFFEEF1EC,0xFFEEF1EC,0xFFEEF1EC,0xFFEEF1EC,0xFFEEF1EC,0xFFEEF1EC,0xFFEEF1EC,0xFFEEF1EC,
  0xFFEEF1EC,0xFFEEF1EC,0xFFEEF1EC,0xFFEEF1EC,0xFFEEF1EC,0xFFEEF1EC,0xFFEEF1EC,0xFFEEF1EC,0xFFEEF1EC,0xFFEEF1EC,0xFFEEF1EC,0xFFEEF1EC,
  0xFFEEF1EC,0xFFEEF1EC,0xFFEEF1EC,0xFFEEF1EC,0xFFEEF1EC,0xFFEEF1EC,0xFFEEF1EC,0xFFEEF1EC,0xFFEEF1EC,0xFFEEF1EC,0xFFEEF1EC,0xFFEEF1EC,
  0xFFEEF1EC,0xFFEEF1EC,0xFFEEF1EC,0xFFEEF1EC,0xFFEEF1EC,0xFFEEF1EC,0xFFEEF1EC,0xFFEEF1EC,0xFFEEF1EC,0xFFEEF1EC,0xFFEEF1EC,0xFFEEF1EC,
  0xFFEEF1EC,0xFFEEF1EC,0xFFEEF1EC,0xFFEEF1EC,0xFFEEF1EC,0xFFEEF1EC,0xFFEEF1EC,0xFFEEF1EC,0xFFEEF1EC,0xFFEEF1EC,0xFFEEF1EC,0xFFEEF1EC,
  0xFFEEF1EC,0xFFEEF1EC,0xFFEEF1EC,0xFFEEF1EC,0xFFEEF1EC,0xFFEEF1EC,0xFFEEF1EC,0xFFEEF1EC,0xFFEEF1EC,0xFFEEF1EC,0xFFEEF1EC,0xFFEEF1EC,
  0xFFEEF1EC,0xFFEEF1EC,0xFFEEF1EC,0xFFEEF1EC,0xFFEEF1EC,0xFFEEF1EC,0xFFEEF1EC,0xFFEEF1EC,0xFFEEF1EC,0xFFEEF1EC,0xFFEEF1EC,0xFFEEF1EC,
  0xFFEEF1EC,0xFFEEF1EC,0xFFEEF1EC,0xFFEEF1EC,0xFFEEF1EC,0xFFEEF1EC,0xFFEEF1EC,0xFFEEF1EC,0xFFEEF1EC,0xFFEEF1EC,0xFFEEF1EC,0xFFEEF1EC,
  0xFFEEF1EC,0xFFEEF1EC,0xFFEEF1EC,0xFFEEF1EC,0xFFEEF1EC,0xFFEEF1EC,0xFFEEF1EC,0xFFEEF1EC,0xFFEEF1EC,0xFFEEF1EC,0xFFEEF1EC,0xFFEEF1EC,
  0xFFEEF1EC,0xFFEEF1EC,0xFFEEF1EC,0xFFEEF1EC,0xFFEEF1EC,0xFFEEF1EC,0xFFEEF1EC,0xFFEEF1EC,0xFFEEF1EC,0xFFEEF1EC,0xFFEEF1EC,0xFFEEF1EC,
  0xFFEEF1EC,0xFFEEF1EC,0xFFEEF1EC,0xFFEEF1EC,0xFFEEF1EC,0xFFEEF1EC,0xFFEEF1EC,0xFFEEF1EC,0xFFEEF1EC,0xFFEEF1EC,0xFFEEF1EC,0xFFEEF1EC,
  0xFFEEF1EC,0xFFEEF1EC,0xFFEEF1EC,0xFFEEF1EC,0xFFEEF1EC,0xFFEEF1EC,0xFFEEF1EC,0xFFEEF1EC,0xFFEEF1EC,0xFFEEF1EC,0xFFEEF1EC,0xFFEEF1EC,
  0xFFEEF1EC,0xFFEEF1EC,0xFFEEF1EC,0xFFEEF1EC,0xFFEEF1EC,0xFFEEF1EC,0xFFEEF1EC,0xFFEEF1EC,0xFFEEF1EC,0xFFEEF1EC,0xFF3D576E,0xFF3D576E,
  0xFF3D576E,0xFF3D576E,0xFF3D576E,0xFFD9D9D9,0xFFD9D9D9,0xFFD9D9D9,0xFFD9D9D9,0xFFD9D9D9,0xFF3D576E,0xFFD9D9D9,0xFFD9D9D9,0xFF3D576E,
  0xFFD9D9D9,0xFFD9D9D9,0xFF3D576E,0xFFD9D9D9,0xFFD9D9D9,0xFF3D576E,0xFFD9D9D9,0xFFD9D9D9,0xFF3D576E,0xFFD9D9D9,0xFFD9D9D9,0xFF3D576E,
  0xFF3D576E,0xFF3D576E,0xFFD9D9D9,0xFFD9D9D9,0xFF3D576E,0xFF3D576E,0xFF3D576E,0xFFD9D9D9,0xFFD9D9D9,0xFF3D576E,0xFFD9D9D9,0xFFD9D9D9,
  0xFF3D576E,0xFFD9D9D9,0xFFD9D9D9,0xFFD9D9D9,0xFFD9D9D9,0xFFD9D9D9,0xFF3D576E,0xFFD9D9D9,0xFFD9D9D9,0xFF3D576E,0xFFD9D9D9,0xFFD9D9D9,
  0xFF3D576E,0xFF3D576E,0xFF3D576E,0xFF3D576E,0xFF3D576E,0xFFEEF1EC,0xFFEEF1EC,0xFFEEF1EC,0xFFEEF1EC,0xFFEEF1EC,0xFFEEF1EC,0xFFEEF1EC,
  0xFFEEF1EC,0xFFEEF1EC,0xFFEEF1EC,0xFFEEF1EC,0xFFEEF1EC,0xFFEEF1EC,0xFFEEF1EC,0xFFEEF1EC,0xFFEEF1EC,0xFFEEF1EC,0xFFEEF1EC,0xFFEEF1EC,
  0xFFEEF1EC,0xFFEEF1EC,0xFFEEF1EC,0xFFEEF1EC,0xFFEEF1EC,0xFFEEF1EC,0xFFEEF1EC,0xFFEEF1EC,0xFFEEF1EC,0xFFEEF1EC,0xFFEEF1EC,0xFFEEF1EC,
  0xFFEEF1EC,0xFFEEF1EC,0xFFEEF1EC,0xFFEEF1EC,0xFFEEF1EC,0xFFEEF1EC,0xFFEEF1EC,0xFFEEF1EC,0xFFEEF1EC,0xFFEEF1EC,0xFFEEF1EC,0xFFEEF1EC,
  0xFFEEF1EC,0xFFEEF1EC,0xFFEEF1EC,0xFFEEF1EC,0xFFEEF1EC,0xFFEEF1EC,0xFFEEF1EC,0xFFEEF1EC,0xFFEEF1EC,0xFFEEF1EC,0xFFEEF1EC,0xFFEEF1EC,
  0xFFEEF1EC,0xFFEEF1EC,0xFFEEF1EC,0xFFEEF1EC,0xFFEEF1EC,0xFFEEF1EC,0xFFEEF1EC,0xFFEEF1EC,0xFFEEF1EC,0xFFEEF1EC,0xFFEEF1EC,0xFFEEF1EC,
  0xFFEEF1EC,0xFFEEF1EC,0xFFEEF1EC,0xFFEEF1EC,0xFFEEF1EC,0xFFEEF1EC,0xFFEEF1EC,0xFFEEF1EC,0xFFEEF1EC,0xFFEEF1EC,0xFFEEF1EC,0xFFEEF1EC,
  0xFFEEF1EC,0xFFEEF1EC,0xFFEEF1EC,0xFFEEF1EC,0xFFEEF1EC,0xFFEEF1EC,0xFFEEF1EC,0xFFEEF1EC,0xFFEEF1EC,0xFFEEF1EC,0xFFEEF1EC,0xFFEEF1EC,
  0xFFEEF1EC,0xFFEEF1EC,0xFFEEF1EC,0xFFEEF1EC,0xFFEEF1EC,0xFFEEF1EC,0xFFEEF1EC,0xFFEEF1EC,0xFFEEF1EC,0xFFEEF1EC,0xFFEEF1EC,0xFFEEF1EC,
  0xFFEEF1EC,0xFFEEF1EC,0xFFEEF1EC,0xFFEEF1EC,0xFFEEF1EC,0xFFEEF1EC,0xFFEEF1EC,0xFFEEF1EC,0xFFEEF1EC,0xFFEEF1EC,0xFFEEF1EC,0xFFEEF1EC,
  0xFFEEF1EC,0xFFEEF1EC,0xFFEEF1EC,0xFFEEF1EC,0xFFEEF1EC,0xFFEEF1EC,0xFFEEF1EC,0xFFEEF1EC,0xFFEEF1EC,0xFFEEF1EC,0xFFEEF1EC,0xFFEEF1EC,
  0xFFEEF1EC,0xFFEEF1EC,0xFFEEF1EC,0xFFEEF1EC,0xFFEEF1EC,0xFFEEF1EC,0xFFEEF1EC,0xFFEEF1EC,0xFFEEF1EC,0xFFEEF1EC,0xFFEEF1EC,0xFFEEF1EC,
  0xFFEEF1EC,0xFFEEF1EC,0xFFEEF1EC,0xFFEEF1EC,0xFFEEF1EC,0xFFEEF1EC,0xFFEEF1EC,0xFFEEF1EC,0xFFEEF1EC,0xFFEEF1EC,0xFFEEF1EC,0xFFEEF1EC,
  0xFFEEF1EC,0xFFEEF1EC,0xFFEEF1EC,0xFFEEF1EC,0xFFEEF1EC,0xFFEEF1EC,0xFFEEF1EC,0xFFEEF1EC,0xFFEEF1EC,0xFFEEF1EC,0xFFEEF1EC,0xFFEEF1EC,
  0xFFEEF1EC,0xFFEEF1EC,0xFFEEF1EC,0xFFEEF1EC,0xFFEEF1EC,0xFFEEF1EC,0xFFEEF1EC,0xFFEEF1EC,0xFFEEF1EC,0xFFEEF1EC,0xFFEEF1EC,0xFFEEF1EC,
  0xFFEEF1EC,0xFFEEF1EC,0xFFEEF1EC,0xFFEEF1EC,0xFFEEF1EC,0xFFEEF1EC,0xFFEEF1EC,0xFFEEF1EC,0xFFEEF1EC,0xFFEEF1EC,0xFFEEF1EC,0xFFEEF1EC,
  0xFFEEF1EC,0xFFEEF1EC,0xFFEEF1EC,0xFFEEF1EC,0xFFEEF1EC,0xFFEEF1EC,0xFFEEF1EC,0xFFEEF1EC,0xFFEEF1EC,0xFFEEF1EC,0xFFEEF1EC,0xFFEEF1EC,
  0xFFEEF1EC,0xFFEEF1EC,0xFFEEF1EC,0xFFEEF1EC,0xFFEEF1EC,0xFFEEF1EC,0xFFEEF1EC,0xFFEEF1EC,0xFFEEF1EC,0xFFEEF1EC,0xFFEEF1EC,0xFFEEF1EC,
  0xFFEEF1EC,0xFFEEF1EC,0xFFEEF1EC,0xFFEEF1EC,0xFFEEF1EC,0xFFEEF1EC,0xFFEEF1EC,0xFFEEF1EC,0xFFEEF1EC,0xFFEEF1EC,0xFFEEF1EC,0xFFEEF1EC,
  0xFFEEF1EC,0xFFEEF1EC,0xFFEEF1EC,0xFFEEF1EC,0xFFEEF1EC,0xFFEEF1EC,0xFFEEF1EC,0xFFEEF1EC,0xFFEEF1EC,0xFFEEF1EC,0xFFEEF1EC,0xFFEEF1EC,
  0xFFEEF1EC,0xFFEEF1EC,0xFFEEF1EC,0xFFEEF1EC,0xFFEEF1EC,0xFFEEF1EC,0xFFEEF1EC,0xFFEEF1EC,0xFFEEF1EC,0xFFEEF1EC,0xFFEEF1EC,0xFFEEF1EC,
  0xFFEEF1EC,0xFFEEF1EC,0xFFEEF1EC,0xFFEEF1EC,0xFFEEF1EC,0xFFEEF1EC,0xFFEEF1EC,0xFFEEF1EC,0xFFEEF1EC,0xFFEEF1EC,0xFFEEF1EC,0xFFEEF1EC,
  0xFFEEF1EC,0xFFEEF1EC,0xFFEEF1EC,0xFFEEF1EC,0xFFEEF1EC,0xFFEEF1EC,0xFFEEF1EC,0xFFEEF1EC,0xFFEEF1EC,0xFFEEF1EC,0xFFEEF1EC,0xFFEEF1EC,
  0xFFEEF1EC,0xFFEEF1EC,0xFFEEF1EC,0xFFEEF1EC,0xFFEEF1EC,0xFFEEF1EC,0xFFEEF1EC,0xFFEEF1EC,0xFFEEF1EC,0xFFEEF1EC,0xFFEEF1EC,0xFFEEF1EC,
  0xFFEEF1EC,0xFFEEF1EC,0xFFEEF1EC,0xFFEEF1EC,0xFFEEF1EC,0xFFEEF1EC,0xFFEEF1EC,0xFFEEF1EC,0xFFEEF1EC,0xFFEEF1EC,0xFFEEF1EC,0xFFEEF1EC,
  0xFFEEF1EC,0xFFEEF1EC,0xFFEEF1EC,0xFFEEF1EC,0xFFEEF1EC,0xFFEEF1EC,0xFFEEF1EC,0xFFEEF1EC,0xFFEEF1EC,0xFFEEF1EC,0xFF3D576E,0xFF3D576E,
  0xFF3D576E,0xFF3D576E,0xFF3D576E,0xFFD9D9D9,0xFFD9D9D9,0xFF3D576E,0xFFD9D9D9,0xFFD9D9D9,0xFF3D576E,0xFFD9D9D9,0xFFD9D9D9,0xFF3D576E,
  0xFF3D576E,0xFF3D576E,0xFF3D576E,0xFFD9D9D9,0xFFD9D9D9,0xFF3D576E,0xFFD9D9D9,0xFFD9D9D9,0xFFD9D9D9,0xFFD9D9D9,0xFFD9D9D9,0xFF3D576E,
  0xFF3D576E,0xFF3D576E,0xFFD9D9D9,0xFFD9D9D9,0xFF3D576E,0xFF3D576E,0xFF3D576E,0xFFD9D9D9,0xFFD9D9D9,0xFF3D576E,0xFFD9D9D9,0xFFD9D9D9,
  0xFF3D576E,0xFFD9D9D9,0xFFD9D9D9,0xFF3D576E,0xFFD9D9D9,0xFFD9D9D9,0xFF3D576E,0xFFD9D9D9,0xFFD9D9D9,0xFFD9D9D9,0xFFD9D9D9,0xFF3D576E,
  0xFF3D576E,0xFF3D576E,0xFF3D576E,0xFF3D576E,0xFF3D576E,0xFFEEF1EC,0xFFEEF1EC,0xFFEEF1EC,0xFFEEF1EC,0xFFEEF1EC,0xFFEEF1EC,0xFFEEF1EC,
  0xFFEEF1EC,0xFFEEF1EC,0xFFEEF1EC,0xFFEEF1EC,0xFFEEF1EC,0xFFEEF1EC,0xFFEEF1EC,0xFFEEF1EC,0xFFEEF1EC,0xFFEEF1EC,0xFFEEF1EC,0xFFEEF1EC,
  0xFFEEF1EC,0xFFEEF1EC,0xFFEEF1EC,0xFFEEF1EC,0xFFEEF1EC,0xFFEEF1EC,0xFFEEF1EC,0xFFEEF1EC,0xFFEEF1EC,0xFFEEF1EC,0xFFEEF1EC,0xFFEEF1EC,
  0xFFEEF1EC,0xFFEEF1EC,0xFFEEF1EC,0xFFEEF1EC,0xFFEEF1EC,0xFFEEF1EC,0xFFEEF1EC,0xFFEEF1EC,0xFFEEF1EC,0xFFEEF1EC,0xFFEEF1EC,0xFFEEF1EC,
  0xFFEEF1EC,0xFFEEF1EC,0xFFEEF1EC,0xFFEEF1EC,0xFFEEF1EC,0xFFEEF1EC,0xFFEEF1EC,0xFFEEF1EC,0xFFEEF1EC,0xFFEEF1EC,0xFFEEF1EC,0xFFEEF1EC,
  0xFFEEF1EC,0xFFEEF1EC,0xFFEEF1EC,0xFFEEF1EC,0xFFEEF1EC,0xFFEEF1EC,0xFFEEF1EC,0xFFEEF1EC,0xFFEEF1EC,0xFFEEF1EC,0xFFEEF1EC,0xFFEEF1EC,
  0xFFEEF1EC,0xFFEEF1EC,0xFFEEF1EC,0xFFEEF1EC,0xFFEEF1EC,0xFFEEF1EC,0xFFEEF1EC,0xFFEEF1EC,0xFFEEF1EC,0xFFEEF1EC,0xFFEEF1EC,0xFFEEF1EC,
  0xFFEEF1EC,0xFFEEF1EC,0xFFEEF1EC,0xFFEEF1EC,0xFFEEF1EC,0xFFEEF1EC,0xFFEEF1EC,0xFFEEF1EC,0xFFEEF1EC,0xFFEEF1EC,0xFFEEF1EC,0xFFEEF1EC,
  0xFFEEF1EC,0xFFEEF1EC,0xFFEEF1EC,0xFFEEF1EC,0xFFEEF1EC,0xFFEEF1EC,0xFFEEF1EC,0xFFEEF1EC,0xFFEEF1EC,0xFFEEF1EC,0xFFEEF1EC,0xFFEEF1EC,
  0xFFEEF1EC,0xFFEEF1EC,0xFFEEF1EC,0xFFEEF1EC,0xFFEEF1EC,0xFFEEF1EC,0xFFEEF1EC,0xFFEEF1EC,0xFFEEF1EC,0xFFEEF1EC,0xFFEEF1EC,0xFFEEF1EC,
  0xFFEEF1EC,0xFFEEF1EC,0xFFEEF1EC,0xFFEEF1EC,0xFFEEF1EC,0xFFEEF1EC,0xFFEEF1EC,0xFFEEF1EC,0xFFEEF1EC,0xFFEEF1EC,0xFFEEF1EC,0xFFEEF1EC,
  0xFFEEF1EC,0xFFEEF1EC,0xFFEEF1EC,0xFFEEF1EC,0xFFEEF1EC,0xFFEEF1EC,0xFFEEF1EC,0xFFEEF1EC,0xFFEEF1EC,0xFFEEF1EC,0xFFEEF1EC,0xFFEEF1EC,
  0xFFEEF1EC,0xFFEEF1EC,0xFFEEF1EC,0xFFEEF1EC,0xFFEEF1EC,0xFFEEF1EC,0xFFEEF1EC,0xFFEEF1EC,0xFFEEF1EC,0xFFEEF1EC,0xFFEEF1EC,0xFFEEF1EC,
  0xFFEEF1EC,0xFFEEF1EC,0xFFEEF1EC,0xFFEEF1EC,0xFFEEF1EC,0xFFEEF1EC,0xFFEEF1EC,0xFFEEF1EC,0xFFEEF1EC,0xFFEEF1EC,0xFFEEF1EC,0xFFEEF1EC,
  0xFFEEF1EC,0xFFEEF1EC,0xFFEEF1EC,0xFFEEF1EC,0xFFEEF1EC,0xFFEEF1EC,0xFFEEF1EC,0xFFEEF1EC,0xFFEEF1EC,0xFFEEF1EC,0xFFEEF1EC,0xFFEEF1EC,
  0xFFEEF1EC,0xFFEEF1EC,0xFFEEF1EC,0xFFEEF1EC,0xFFEEF1EC,0xFFEEF1EC,0xFFEEF1EC,0xFFEEF1EC,0xFFEEF1EC,0xFFEEF1EC,0xFFEEF1EC,0xFFEEF1EC,
  0xFFEEF1EC,0xFFEEF1EC,0xFFEEF1EC,0xFFEEF1EC,0xFFEEF1EC,0xFFEEF1EC,0xFFEEF1EC,0xFFEEF1EC,0xFFEEF1EC,0xFFEEF1EC,0xFFEEF1EC,0xFFEEF1EC,
  0xFFEEF1EC,0xFFEEF1EC,0xFFEEF1EC,0xFFEEF1EC,0xFFEEF1EC,0xFFEEF1EC,0xFFEEF1EC,0xFFEEF1EC,0xFFEEF1EC,0xFFEEF1EC,0xFFEEF1EC,0xFFEEF1EC,
  0xFFEEF1EC,0xFFEEF1EC,0xFFEEF1EC,0xFFEEF1EC,0xFFEEF1EC,0xFFEEF1EC,0xFFEEF1EC,0xFFEEF1EC,0xFFEEF1EC,0xFFEEF1EC,0xFFEEF1EC,0xFFEEF1EC,
  0xFFEEF1EC,0xFFEEF1EC,0xFFEEF1EC,0xFFEEF1EC,0xFFEEF1EC,0xFFEEF1EC,0xFFEEF1EC,0xFFEEF1EC,0xFFEEF1EC,0xFFEEF1EC,0xFFEEF1EC,0xFFEEF1EC,
  0xFFEEF1EC,0xFFEEF1EC,0xFFEEF1EC,0xFFEEF1EC,0xFFEEF1EC,0xFFEEF1EC,0xFFEEF1EC,0xFFEEF1EC,0xFFEEF1EC,0xFFEEF1EC,0xFFEEF1EC,0xFFEEF1EC,
  0xFFEEF1EC,0xFFEEF1EC,0xFFEEF1EC,0xFFEEF1EC,0xFFEEF1EC,0xFFEEF1EC,0xFFEEF1EC,0xFFEEF1EC,0xFFEEF1EC,0xFFEEF1EC,0xFFEEF1EC,0xFFEEF1EC,
  0xFFEEF1EC,0xFFEEF1EC,0xFFEEF1EC,0xFFEEF1EC,0xFFEEF1EC,0xFFEEF1EC,0xFFEEF1EC,0xFFEEF1EC,0xFFEEF1EC,0xFFEEF1EC,0xFFEEF1EC,0xFFEEF1EC,
  0xFFEEF1EC,0xFFEEF1EC,0xFFEEF1EC,0xFFEEF1EC,0xFFEEF1EC,0xFFEEF1EC,0xFFEEF1EC,0xFFEEF1EC,0xFFEEF1EC,0xFFEEF1EC,0xFFEEF1EC,0xFFEEF1EC,
  0xFFEEF1EC,0xFFEEF1EC,0xFFEEF1EC,0xFFEEF1EC,0xFFEEF1EC,0xFFEEF1EC,0xFFEEF1EC,0xFFEEF1EC,0xFFEEF1EC,0xFFEEF1EC,0xFFEEF1EC,0xFFEEF1EC,
  0xFFEEF1EC,0xFFEEF1EC,0xFFEEF1EC,0xFFEEF1EC,0xFFEEF1EC,0xFFEEF1EC,0xFFEEF1EC,0xFFEEF1EC,0xFFEEF1EC,0xFFEEF1EC,0xFF3D576E,0xFF3D576E,
  0xFF3D576E,0xFF3D576E,0xFF3D576E,0xFFD9D9D9,0xFFD9D9D9,0xFF3D576E,0xFFD9D9D9,0xFFD9D9D9,0xFF3D576E,0xFFD9D9D9,0xFFD9D9D9,0xFF3D576E,
  0xFF3D576E,0xFF3D576E,0xFF3D576E,0xFFD9D9D9,0xFFD9D9D9,0xFF3D576E,0xFF3D576E,0xFFD9D9D9,0xFFD9D9D9,0xFFD9D9D9,0xFF3D576E,0xFF3D576E,
  0xFF3D576E,0xFF3D576E,0xFFD9D9D9,0xFFD9D9D9,0xFF3D576E,0xFF3D576E,0xFF3D576E,0xFFD9D9D9,0xFFD9D9D9,0xFF3D576E,0xFFD9D9D9,0xFFD9D9D9,
  0xFF3D576E,0xFFD9D9D9,0xFFD9D9D9,0xFF3D576E,0xFFD9D9D9,0xFFD9D9D9,0xFF3D576E,0xFFD9D9D9,0xFFD9D9D9,0xFFD9D9D9,0xFFD9D9D9,0xFF3D576E,
  0xFF3D576E,0xFF3D576E,0xFF3D576E,0xFF3D576E,0xFF3D576E,0xFFEEF1EC,0xFFEEF1EC,0xFFEEF1EC,0xFFEEF1EC,0xFFEEF1EC,0xFFEEF1EC,0xFFEEF1EC,
  0xFFEEF1EC,0xFFEEF1EC,0xFFEEF1EC,0xFFEEF1EC,0xFFEEF1EC,0xFFEEF1EC,0xFFEEF1EC,0xFFEEF1EC,0xFFEEF1EC,0xFFEEF1EC,0xFFEEF1EC,0xFFEEF1EC,
  0xFFEEF1EC,0xFFEEF1EC,0xFFEEF1EC,0xFFEEF1EC,0xFFEEF1EC,0xFFEEF1EC,0xFFEEF1EC,0xFFEEF1EC,0xFFEEF1EC,0xFFEEF1EC,0xFFEEF1EC,0xFFEEF1EC,
  0xFFEEF1EC,0xFFEEF1EC,0xFFEEF1EC,0xFFEEF1EC,0xFFEEF1EC,0xFFEEF1EC,0xFFEEF1EC,0xFFEEF1EC,0xFFEEF1EC,0xFFEEF1EC,0xFFEEF1EC,0xFFEEF1EC,
  0xFFEEF1EC,0xFFEEF1EC,0xFFEEF1EC,0xFFEEF1EC,0xFFEEF1EC,0xFFEEF1EC,0xFFEEF1EC,0xFFEEF1EC,0xFFEEF1EC,0xFFEEF1EC,0xFFEEF1EC,0xFFEEF1EC,
  0xFFEEF1EC,0xFFEEF1EC,0xFFEEF1EC,0xFFEEF1EC,0xFFEEF1EC,0xFFEEF1EC,0xFFEEF1EC,0xFFEEF1EC,0xFFEEF1EC,0xFFEEF1EC,0xFFEEF1EC,0xFFEEF1EC,
  0xFFEEF1EC,0xFFEEF1EC,0xFFEEF1EC,0xFFEEF1EC,0xFFEEF1EC,0xFFEEF1EC,0xFFEEF1EC,0xFFEEF1EC,0xFFEEF1EC,0xFFEEF1EC,0xFFEEF1EC,0xFFEEF1EC,
  0xFFEEF1EC,0xFFEEF1EC,0xFFEEF1EC,0xFFEEF1EC,0xFFEEF1EC,0xFFEEF1EC,0xFFEEF1EC,0xFFEEF1EC,0xFFEEF1EC,0xFFEEF1EC,0xFFEEF1EC,0xFFEEF1EC,
  0xFFEEF1EC,0xFFEEF1EC,0xFFEEF1EC,0xFFEEF1EC,0xFFEEF1EC,0xFFEEF1EC,0xFFEEF1EC,0xFFEEF1EC,0xFFEEF1EC,0xFFEEF1EC,0xFFEEF1EC,0xFFEEF1EC,
  0xFFEEF1EC,0xFFEEF1EC,0xFFEEF1EC,0xFFEEF1EC,0xFFEEF1EC,0xFFEEF1EC,0xFFEEF1EC,0xFFEEF1EC,0xFFEEF1EC,0xFFEEF1EC,0xFFEEF1EC,0xFFEEF1EC,
  0xFFEEF1EC,0xFFEEF1EC,0xFFEEF1EC,0xFFEEF1EC,0xFFEEF1EC,0xFFEEF1EC,0xFFEEF1EC,0xFFEEF1EC,0xFFEEF1EC,0xFFEEF1EC,0xFFEEF1EC,0xFFEEF1EC,
  0xFFEEF1EC,0xFFEEF1EC,0xFFEEF1EC,0xFFEEF1EC,0xFFEEF1EC,0xFFEEF1EC,0xFFEEF1EC,0xFFEEF1EC,0xFFEEF1EC,0xFFEEF1EC,0xFFEEF1EC,0xFFEEF1EC,
  0xFFEEF1EC,0xFFEEF1EC,0xFFEEF1EC,0xFFEEF1EC,0xFFEEF1EC,0xFFEEF1EC,0xFFEEF1EC,0xFFEEF1EC,0xFFEEF1EC,0xFFEEF1EC,0xFFEEF1EC,0xFFEEF1EC,
  0xFFEEF1EC,0xFFEEF1EC,0xFFEEF1EC,0xFFEEF1EC,0xFFEEF1EC,0xFFEEF1EC,0xFFEEF1EC,0xFFEEF1EC,0xFFEEF1EC,0xFFEEF1EC,0xFFEEF1EC,0xFFEEF1EC,
  0xFFEEF1EC,0xFFEEF1EC,0xFFEEF1EC,0xFFEEF1EC,0xFFEEF1EC,0xFFEEF1EC,0xFFEEF1EC,0xFFEEF1EC,0xFFEEF1EC,0xFFEEF1EC,0xFFEEF1EC,0xFFEEF1EC,
  0xFFEEF1EC,0xFFEEF1EC,0xFFEEF1EC,0xFFEEF1EC,0xFFEEF1EC,0xFFEEF1EC,0xFFEEF1EC,0xFFEEF1EC,0xFFEEF1EC,0xFFEEF1EC,0xFFEEF1EC,0xFFEEF1EC,
  0xFFEEF1EC,0xFFEEF1EC,0xFFEEF1EC,0xFFEEF1EC,0xFFEEF1EC,0xFFEEF1EC,0xFFEEF1EC,0xFFEEF1EC,0xFFEEF1EC,0xFFEEF1EC,0xFFEEF1EC,0xFFEEF1EC,
  0xFFEEF1EC,0xFFEEF1EC,0xFFEEF1EC,0xFFEEF1EC,0xFFEEF1EC,0xFFEEF1EC,0xFFEEF1EC,0xFFEEF1EC,0xFFEEF1EC,0xFFEEF1EC,0xFFEEF1EC,0xFFEEF1EC,
  0xFFEEF1EC,0xFFEEF1EC,0xFFEEF1EC,0xFFEEF1EC,0xFFEEF1EC,0xFFEEF1EC,0xFFEEF1EC,0xFFEEF1EC,0xFFEEF1EC,0xFFEEF1EC,0xFFEEF1EC,0xFFEEF1EC,
  0xFFEEF1EC,0xFFEEF1EC,0xFFEEF1EC,0xFFEEF1EC,0xFFEEF1EC,0xFFEEF1EC,0xFFEEF1EC,0xFFEEF1EC,0xFFEEF1EC,0xFFEEF1EC,0xFFEEF1EC,0xFFEEF1EC,
  0xFFEEF1EC,0xFFEEF1EC,0xFFEEF1EC,0xFFEEF1EC,0xFFEEF1EC,0xFFEEF1EC,0xFFEEF1EC,0xFFEEF1EC,0xFFEEF1EC,0xFFEEF1EC,0xFFEEF1EC,0xFFEEF1EC,
  0xFFEEF1EC,0xFFEEF1EC,0xFFEEF1EC,0xFFEEF1EC,0xFFEEF1EC,0xFFEEF1EC,0xFFEEF1EC,0xFFEEF1EC,0xFFEEF1EC,0xFFEEF1EC,0xFFEEF1EC,0xFFEEF1EC,
  0xFFEEF1EC,0xFFEEF1EC,0xFFEEF1EC,0xFFEEF1EC,0xFFEEF1EC,0xFFEEF1EC,0xFFEEF1EC,0xFFEEF1EC,0xFFEEF1EC,0xFFEEF1EC,0xFFEEF1EC,0xFFEEF1EC,
  0xFFEEF1EC,0xFFEEF1EC,0xFFEEF1EC,0xFFEEF1EC,0xFFEEF1EC,0xFFEEF1EC,0xFFEEF1EC,0xFFEEF1EC,0xFFEEF1EC,0xFFEEF1EC,0xFFEEF1EC,0xFFEEF1EC,
  0xFFEEF1EC,0xFFEEF1EC,0xFFEEF1EC,0xFFEEF1EC,0xFFEEF1EC,0xFFEEF1EC,0xFFEEF1EC,0xFFEEF1EC,0xFFEEF1EC,0xFFEEF1EC,0xFFEEF1EC,0xFFEEF1EC,
  0xFFEEF1EC,0xFFEEF1EC,0xFFEEF1EC,0xFFEEF1EC,0xFFEEF1EC,0xFFEEF1EC,0xFFEEF1EC,0xFFEEF1EC,0xFFEEF1EC,0xFFEEF1EC,0xFF3D576E,0xFF3D576E,
  0xFF3D576E,0xFF3D576E,0xFF3D576E,0xFF3D576E,0xFF3D576E,0xFF3D576E,0xFF3D576E,0xFF3D576E,0xFF3D576E,0xFF3D576E,0xFF3D576E,0xFF3D576E,
  0xFF3D576E,0xFF3D576E,0xFF3D576E,0xFF3D576E,0xFF3D576E,0xFF3D576E,0xFF3D576E,0xFF3D576E,0xFF3D576E,0xFF3D576E,0xFF3D576E,0xFF3D576E,
  0xFF3D576E,0xFF3D576E,0xFF3D576E,0xFF3D576E,0xFF3D576E,0xFF3D576E,0xFF3D576E,0xFF3D576E,0xFF3D576E,0xFF3D576E,0xFF3D576E,0xFF3D576E,
  0xFF3D576E,0xFF3D576E,0xFF3D576E,0xFF3D576E,0xFF3D576E,0xFF3D576E,0xFF3D576E,0xFF3D576E,0xFF3D576E,0xFF3D576E,0xFF3D576E,0xFF3D576E,
  0xFF3D576E,0xFF3D576E,0xFF3D576E,0xFF3D576E,0xFF3D576E,0xFFEEF1EC,0xFFEEF1EC,0xFFEEF1EC,0xFFEEF1EC,0xFFEEF1EC,0xFFEEF1EC,0xFFEEF1EC,
  0xFFEEF1EC,0xFFEEF1EC,0xFFEEF1EC,0xFFEEF1EC,0xFFEEF1EC,0xFFEEF1EC,0xFFEEF1EC,0xFFEEF1EC,0xFFEEF1EC,0xFFEEF1EC,0xFFEEF1EC,0xFFEEF1EC,
  0xFFEEF1EC,0xFFEEF1EC,0xFFEEF1EC,0xFFEEF1EC,0xFFEEF1EC,0xFFEEF1EC,0xFFEEF1EC,0xFFEEF1EC,0xFFEEF1EC,0xFFEEF1EC,0xFFEEF1EC,0xFFEEF1EC,
  0xFFEEF1EC,0xFFEEF1EC,0xFFEEF1EC,0xFFEEF1EC,0xFFEEF1EC,0xFFEEF1EC,0xFFEEF1EC,0xFFEEF1EC,0xFFEEF1EC,0xFFEEF1EC,0xFFEEF1EC,0xFFEEF1EC,
  0xFFEEF1EC,0xFFEEF1EC,0xFFEEF1EC,0xFFEEF1EC,0xFFEEF1EC,0xFFEEF1EC,0xFFEEF1EC,0xFFEEF1EC,0xFFEEF1EC,0xFFEEF1EC,0xFFEEF1EC,0xFFEEF1EC,
  0xFFEEF1EC,0xFFEEF1EC,0xFFEEF1EC,0xFFEEF1EC,0xFFEEF1EC,0xFFEEF1EC,0xFFEEF1EC,0xFFEEF1EC,0xFFEEF1EC,0xFFEEF1EC,0xFFEEF1EC,0xFFEEF1EC,
  0xFFEEF1EC,0xFFEEF1EC,0xFFEEF1EC,0xFFEEF1EC,0xFFEEF1EC,0xFFEEF1EC,0xFFEEF1EC,0xFFEEF1EC,0xFFEEF1EC,0xFFEEF1EC,0xFFEEF1EC,0xFFEEF1EC,
  0xFFEEF1EC,0xFFEEF1EC,0xFFEEF1EC,0xFFEEF1EC,0xFFEEF1EC,0xFFEEF1EC,0xFFEEF1EC,0xFFEEF1EC,0xFFEEF1EC,0xFFEEF1EC,0xFFEEF1EC,0xFFEEF1EC,
  0xFFEEF1EC,0xFFEEF1EC,0xFFEEF1EC,0xFFEEF1EC,0xFFEEF1EC,0xFFEEF1EC,0xFFEEF1EC,0xFFEEF1EC,0xFFEEF1EC,0xFFEEF1EC,0xFFEEF1EC,0xFFEEF1EC,
  0xFFEEF1EC,0xFFEEF1EC,0xFFEEF1EC,0xFFEEF1EC,0xFFEEF1EC,0xFFEEF1EC,0xFFEEF1EC,0xFFEEF1EC,0xFFEEF1EC,0xFFEEF1EC,0xFFEEF1EC,0xFFEEF1EC,
  0xFFEEF1EC,0xFFEEF1EC,0xFFEEF1EC,0xFFEEF1EC,0xFFEEF1EC,0xFFEEF1EC,0xFFEEF1EC,0xFFEEF1EC,0xFFEEF1EC,0xFFEEF1EC,0xFFEEF1EC,0xFFEEF1EC,
  0xFFEEF1EC,0xFFEEF1EC,0xFFEEF1EC,0xFFEEF1EC,0xFFEEF1EC,0xFFEEF1EC,0xFFEEF1EC,0xFFEEF1EC,0xFFEEF1EC,0xFFEEF1EC,0xFFEEF1EC,0xFFEEF1EC,
  0xFFEEF1EC,0xFFEEF1EC,0xFFEEF1EC,0xFFEEF1EC,0xFFEEF1EC,0xFFEEF1EC,0xFFEEF1EC,0xFFEEF1EC,0xFFEEF1EC,0xFFEEF1EC,0xFFEEF1EC,0xFFEEF1EC,
  0xFFEEF1EC,0xFFEEF1EC,0xFFEEF1EC,0xFFEEF1EC,0xFFEEF1EC,0xFFEEF1EC,0xFFEEF1EC,0xFFEEF1EC,0xFFEEF1EC,0xFFEEF1EC,0xFFEEF1EC,0xFFEEF1EC,
  0xFFEEF1EC,0xFFEEF1EC,0xFFEEF1EC,0xFFEEF1EC,0xFFEEF1EC,0xFFEEF1EC,0xFFEEF1EC,0xFFEEF1EC,0xFFEEF1EC,0xFFEEF1EC,0xFFEEF1EC,0xFFEEF1EC,
  0xFFEEF1EC,0xFFEEF1EC,0xFFEEF1EC,0xFFEEF1EC,0xFFEEF1EC,0xFFEEF1EC,0xFFEEF1EC,0xFFEEF1EC,0xFFEEF1EC,0xFFEEF1EC,0xFFEEF1EC,0xFFEEF1EC,
  0xFFEEF1EC,0xFFEEF1EC,0xFFEEF1EC,0xFFEEF1EC,0xFFEEF1EC,0xFFEEF1EC,0xFFEEF1EC,0xFFEEF1EC,0xFFEEF1EC,0xFFEEF1EC,0xFFEEF1EC,0xFFEEF1EC,
  0xFFEEF1EC,0xFFEEF1EC,0xFFEEF1EC,0xFFEEF1EC,0xFFEEF1EC,0xFFEEF1EC,0xFFEEF1EC,0xFFEEF1EC,0xFFEEF1EC,0xFFEEF1EC,0xFFEEF1EC,0xFFEEF1EC,
  0xFFEEF1EC,0xFFEEF1EC,0xFFEEF1EC,0xFFEEF1EC,0xFFEEF1EC,0xFFEEF1EC,0xFFEEF1EC,0xFFEEF1EC,0xFFEEF1EC,0xFFEEF1EC,0xFFEEF1EC,0xFFEEF1EC,
  0xFFEEF1EC,0xFFEEF1EC,0xFFEEF1EC,0xFFEEF1EC,0xFFEEF1EC,0xFFEEF1EC,0xFFEEF1EC,0xFFEEF1EC,0xFFEEF1EC,0xFFEEF1EC,0xFFEEF1EC,0xFFEEF1EC,
  0xFFEEF1EC,0xFFEEF1EC,0xFFEEF1EC,0xFFEEF1EC,0xFFEEF1EC,0xFFEEF1EC,0xFFEEF1EC,0xFFEEF1EC,0xFFEEF1EC,0xFFEEF1EC,0xFFEEF1EC,0xFFEEF1EC,
  0xFFEEF1EC,0xFFEEF1EC,0xFFEEF1EC,0xFFEEF1EC,0xFFEEF1EC,0xFFEEF1EC,0xFFEEF1EC,0xFFEEF1EC,0xFFEEF1EC,0xFFEEF1EC,0xFFEEF1EC,0xFFEEF1EC,
  0xFFEEF1EC,0xFFEEF1EC,0xFFEEF1EC,0xFFEEF1EC,0xFFEEF1EC,0xFFEEF1EC,0xFFEEF1EC,0xFFEEF1EC,0xFFEEF1EC,0xFFEEF1EC,0xFFEEF1EC,0xFFEEF1EC,
  0xFFEEF1EC,0xFFEEF1EC,0xFFEEF1EC,0xFFEEF1EC,0xFFEEF1EC,0xFFEEF1EC,0xFFEEF1EC,0xFFEEF1EC,0xFFEEF1EC,0xFFEEF1EC,0xFFEEF1EC,0xFFEEF1EC,
  0xFFEEF1EC,0xFFEEF1EC,0xFFEEF1EC,0xFFEEF1EC,0xFFEEF1EC,0xFFEEF1EC,0xFFEEF1EC,0xFFEEF1EC,0xFFEEF1EC,0xFFEEF1EC,0xFFEEF1EC,0xFFEEF1EC,
  0xFFEEF1EC,0xFFEEF1EC,0xFFEEF1EC,0xFFEEF1EC,0xFFEEF1EC,0xFFEEF1EC,0xFFEEF1EC,0xFFEEF1EC,0xFFEEF1EC,0xFFEEF1EC,0xFF3D576E,0xFF3D576E,
  0xFF3D576E,0xFF3D576E,0xFF3D576E,0xFF3D576E,0xFF3D576E,0xFF3D576E,0xFF3D576E,0xFF3D576E,0xFF3D576E,0xFF3D576E,0xFF3D576E,0xFF3D576E,
  0xFF3D576E,0xFF3D576E,0xFF3D576E,0xFF3D576E,0xFF3D576E,0xFF3D576E,0xFF3D576E,0xFF3D576E,0xFF3D576E,0xFF3D576E,0xFF3D576E,0xFF3D576E,
  0xFF3D576E,0xFF3D576E,0xFF3D576E,0xFF3D576E,0xFF3D576E,0xFF3D576E,0xFF3D576E,0xFF3D576E,0xFF3D576E,0xFF3D576E,0xFF3D576E,0xFF3D576E,
  0xFF3D576E,0xFF3D576E,0xFF3D576E,0xFF3D576E,0xFF3D576E,0xFF3D576E,0xFF3D576E,0xFF3D576E,0xFF3D576E,0xFF3D576E,0xFF3D576E,0xFF3D576E,
  0xFF3D576E,0xFF3D576E,0xFF3D576E,0xFF3D576E,0xFF3D576E,0xFFEEF1EC,0xFFEEF1EC,0xFFEEF1EC,0xFFEEF1EC,0xFFEEF1EC,0xFFEEF1EC,0xFFEEF1EC,
  0xFFEEF1EC,0xFFEEF1EC,0xFFEEF1EC,0xFFEEF1EC,0xFFEEF1EC,0xFFEEF1EC,0xFFEEF1EC,0xFFEEF1EC,0xFFEEF1EC,0xFFEEF1EC,0xFFEEF1EC,0xFFEEF1EC,
  0xFFEEF1EC,0xFFEEF1EC,0xFFEEF1EC,0xFFEEF1EC,0xFFEEF1EC,0xFFEEF1EC,0xFFEEF1EC,0xFFEEF1EC,0xFFEEF1EC,0xFFEEF1EC,0xFFEEF1EC,0xFFEEF1EC,
  0xFFEEF1EC,0xFFEEF1EC,0xFFEEF1EC,0xFFEEF1EC,0xFFEEF1EC,0xFFEEF1EC,0xFFEEF1EC,0xFFEEF1EC,0xFFEEF1EC,0xFFEEF1EC,0xFFEEF1EC,0xFFEEF1EC,
  0xFFEEF1EC,0xFFEEF1EC,0xFFEEF1EC,0xFFEEF1EC,0xFFEEF1EC,0xFFEEF1EC,0xFFEEF1EC,0xFFEEF1EC,0xFFEEF1EC,0xFFEEF1EC,0xFFEEF1EC,0xFFEEF1EC,
  0xFFEEF1EC,0xFFEEF1EC,0xFFEEF1EC,0xFFEEF1EC,0xFFEEF1EC,0xFFEEF1EC,0xFFEEF1EC,0xFFEEF1EC,0xFFEEF1EC,0xFFEEF1EC,0xFFEEF1EC,0xFFEEF1EC,
  0xFFEEF1EC,0xFFEEF1EC,0xFFEEF1EC,0xFFEEF1EC,0xFFEEF1EC,0xFFEEF1EC,0xFFEEF1EC,0xFFEEF1EC,0xFFEEF1EC,0xFFEEF1EC,0xFFEEF1EC,0xFFEEF1EC,
  0xFFEEF1EC,0xFFEEF1EC,0xFFEEF1EC,0xFFEEF1EC,0xFFEEF1EC,0xFFEEF1EC,0xFFEEF1EC,0xFFEEF1EC,0xFFEEF1EC,0xFFEEF1EC,0xFFEEF1EC,0xFFEEF1EC,
  0xFFEEF1EC,0xFFEEF1EC,0xFFEEF1EC,0xFFEEF1EC,0xFFEEF1EC,0xFFEEF1EC,0xFFEEF1EC,0xFFEEF1EC,0xFFEEF1EC,0xFFEEF1EC,0xFFEEF1EC,0xFFEEF1EC,
  0xFFEEF1EC,0xFFEEF1EC,0xFFEEF1EC,0xFFEEF1EC,0xFFEEF1EC,0xFFEEF1EC,0xFFEEF1EC,0xFFEEF1EC,0xFFEEF1EC,0xFFEEF1EC,0xFFEEF1EC,0xFFEEF1EC,
  0xFFEEF1EC,0xFFEEF1EC,0xFFEEF1EC,0xFFEEF1EC,0xFFEEF1EC,0xFFEEF1EC,0xFFEEF1EC,0xFFEEF1EC,0xFFEEF1EC,0xFFEEF1EC,0xFFEEF1EC,0xFFEEF1EC,
  0xFFEEF1EC,0xFFEEF1EC,0xFFEEF1EC,0xFFEEF1EC,0xFFEEF1EC,0xFFEEF1EC,0xFFEEF1EC,0xFFEEF1EC,0xFFEEF1EC,0xFFEEF1EC,0xFFEEF1EC,0xFFEEF1EC,
  0xFFEEF1EC,0xFFEEF1EC,0xFFEEF1EC,0xFFEEF1EC,0xFFEEF1EC,0xFFEEF1EC,0xFFEEF1EC,0xFFEEF1EC,0xFFEEF1EC,0xFFEEF1EC,0xFFEEF1EC,0xFFEEF1EC,
  0xFFEEF1EC,0xFFEEF1EC,0xFFEEF1EC,0xFFEEF1EC,0xFFEEF1EC,0xFFEEF1EC,0xFFEEF1EC,0xFFEEF1EC,0xFFEEF1EC,0xFFEEF1EC,0xFFEEF1EC,0xFFEEF1EC,
  0xFFEEF1EC,0xFFEEF1EC,0xFFEEF1EC,0xFFEEF1EC,0xFFEEF1EC,0xFFEEF1EC,0xFFEEF1EC,0xFFEEF1EC,0xFFEEF1EC,0xFFEEF1EC,0xFFEEF1EC,0xFFEEF1EC,
  0xFFEEF1EC,0xFFEEF1EC,0xFFEEF1EC,0xFFEEF1EC,0xFFEEF1EC,0xFFEEF1EC,0xFFEEF1EC,0xFFEEF1EC,0xFFEEF1EC,0xFFEEF1EC,0xFFEEF1EC,0xFFEEF1EC,
  0xFFEEF1EC,0xFFEEF1EC,0xFFEEF1EC,0xFFEEF1EC,0xFFEEF1EC,0xFFEEF1EC,0xFFEEF1EC,0xFFEEF1EC,0xFFEEF1EC,0xFFEEF1EC,0xFFEEF1EC,0xFFEEF1EC,
  0xFFEEF1EC,0xFFEEF1EC,0xFFEEF1EC,0xFFEEF1EC,0xFFEEF1EC,0xFFEEF1EC,0xFFEEF1EC,0xFFEEF1EC,0xFFEEF1EC,0xFFEEF1EC,0xFFEEF1EC,0xFFEEF1EC,
  0xFFEEF1EC,0xFFEEF1EC,0xFFEEF1EC,0xFFEEF1EC,0xFFEEF1EC,0xFFEEF1EC,0xFFEEF1EC,0xFFEEF1EC,0xFFEEF1EC,0xFFEEF1EC,0xFFEEF1EC,0xFFEEF1EC,
  0xFFEEF1EC,0xFFEEF1EC,0xFFEEF1EC,0xFFEEF1EC,0xFFEEF1EC,0xFFEEF1EC,0xFFEEF1EC,0xFFEEF1EC,0xFFEEF1EC,0xFFEEF1EC,0xFFEEF1EC,0xFFEEF1EC,
  0xFFEEF1EC,0xFFEEF1EC,0xFFEEF1EC,0xFFEEF1EC,0xFFEEF1EC,0xFFEEF1EC,0xFFEEF1EC,0xFFEEF1EC,0xFFEEF1EC,0xFFEEF1EC,0xFFEEF1EC,0xFFEEF1EC,
  0xFFEEF1EC,0xFFEEF1EC,0xFFEEF1EC,0xFFEEF1EC,0xFFEEF1EC,0xFFEEF1EC,0xFFEEF1EC,0xFFEEF1EC,0xFFEEF1EC,0xFFEEF1EC,0xFFEEF1EC,0xFFEEF1EC,
  0xFFEEF1EC,0xFFEEF1EC,0xFFEEF1EC,0xFFEEF1EC,0xFFEEF1EC,0xFFEEF1EC,0xFFEEF1EC,0xFFEEF1EC,0xFFEEF1EC,0xFFEEF1EC,0xFFEEF1EC,0xFFEEF1EC,
  0xFFEEF1EC,0xFFEEF1EC,0xFFEEF1EC,0xFFEEF1EC,0xFFEEF1EC,0xFFEEF1EC,0xFFEEF1EC,0xFFEEF1EC,0xFFEEF1EC,0xFFEEF1EC,0xFFEEF1EC,0xFFEEF1EC,
  0xFFEEF1EC,0xFFEEF1EC,0xFFEEF1EC,0xFFEEF1EC,0xFFEEF1EC,0xFFEEF1EC,0xFFEEF1EC,0xFFEEF1EC,0xFFEEF1EC,0xFFEEF1EC,0xFFEEF1EC,0xFFEEF1EC,
  0xFFEEF1EC,0xFFEEF1EC,0xFFEEF1EC,0xFFEEF1EC,0xFFEEF1EC,0xFFEEF1EC,0xFFEEF1EC,0xFFEEF1EC,0xFFEEF1EC,0xFFEEF1EC,0xFF3D576E,0xFF3D576E,
  0xFF3D576E,0xFF3D576E,0xFF3D576E,0xFF3D576E,0xFF3D576E,0xFF3D576E,0xFF3D576E,0xFF3D576E,0xFF3D576E,0xFF3D576E,0xFF3D576E,0xFF3D576E,
  0xFF3D576E,0xFF3D576E,0xFF3D576E,0xFF3D576E,0xFF3D576E,0xFF3D576E,0xFF3D576E,0xFF3D576E,0xFF3D576E,0xFF3D576E,0xFF3D576E,0xFF3D576E,
  0xFF3D576E,0xFF3D576E,0xFF3D576E,0xFF3D576E,0xFF3D576E,0xFF3D576E,0xFF3D576E,0xFF3D576E,0xFF3D576E,0xFF3D576E,0xFF3D576E,0xFF3D576E,
  0xFF3D576E,0xFF3D576E,0xFF3D576E,0xFF3D576E,0xFF3D576E,0xFF3D576E,0xFF3D576E,0xFF3D576E,0xFF3D576E,0xFF3D576E,0xFF3D576E,0xFF3D576E,
  0xFF3D576E,0xFF3D576E,0xFF3D576E,0xFF3D576E,0xFF3D576E,0xFFEEF1EC,0xFFEEF1EC,0xFFEEF1EC,0xFFEEF1EC,0xFFEEF1EC,0xFFEEF1EC,0xFFEEF1EC,
  0xFFEEF1EC,0xFFEEF1EC,0xFFEEF1EC,0xFFEEF1EC,0xFFEEF1EC,0xFFEEF1EC,0xFFEEF1EC,0xFFEEF1EC,0xFFEEF1EC,0xFFEEF1EC,0xFFEEF1EC,0xFFEEF1EC,
  0xFFEEF1EC,0xFFEEF1EC,0xFFEEF1EC,0xFFEEF1EC,0xFFEEF1EC,0xFFEEF1EC,0xFFEEF1EC,0xFFEEF1EC,0xFFEEF1EC,0xFFEEF1EC,0xFFEEF1EC,0xFFEEF1EC,
  0xFFEEF1EC,0xFFEEF1EC,0xFFEEF1EC,0xFFEEF1EC,0xFFEEF1EC,0xFFEEF1EC,0xFFEEF1EC,0xFFEEF1EC,0xFFEEF1EC,0xFFEEF1EC,0xFFEEF1EC,0xFFEEF1EC,
  0xFFEEF1EC,0xFFEEF1EC,0xFFEEF1EC,0xFFEEF1EC,0xFFEEF1EC,0xFFEEF1EC,0xFFEEF1EC,0xFFEEF1EC,0xFFEEF1EC,0xFFEEF1EC,0xFFEEF1EC,0xFFEEF1EC,
  0xFFEEF1EC,0xFFEEF1EC,0xFFEEF1EC,0xFFEEF1EC,0xFFEEF1EC,0xFFEEF1EC,0xFFEEF1EC,0xFFEEF1EC,0xFFEEF1EC,0xFFEEF1EC,0xFFEEF1EC,0xFFEEF1EC,
  0xFFEEF1EC,0xFFEEF1EC,0xFFEEF1EC,0xFFEEF1EC,0xFFEEF1EC,0xFFEEF1EC,0xFFEEF1EC,0xFFEEF1EC,0xFFEEF1EC,0xFFEEF1EC,0xFFEEF1EC,0xFFEEF1EC,
  0xFFEEF1EC,0xFFEEF1EC,0xFFEEF1EC,0xFFEEF1EC,0xFFEEF1EC,0xFFEEF1EC,0xFFEEF1EC,0xFFEEF1EC,0xFFEEF1EC,0xFFEEF1EC,0xFFEEF1EC,0xFFEEF1EC,
  0xFFEEF1EC,0xFFEEF1EC,0xFFEEF1EC,0xFFEEF1EC,0xFFEEF1EC,0xFFEEF1EC,0xFFEEF1EC,0xFFEEF1EC,0xFFEEF1EC,0xFFEEF1EC,0xFFEEF1EC,0xFFEEF1EC,
  0xFFEEF1EC,0xFFEEF1EC,0xFFEEF1EC,0xFFEEF1EC,0xFFEEF1EC,0xFFEEF1EC,0xFFEEF1EC,0xFFEEF1EC,0xFFEEF1EC,0xFFEEF1EC,0xFFEEF1EC,0xFFEEF1EC,
  0xFFEEF1EC,0xFFEEF1EC,0xFFEEF1EC,0xFFEEF1EC,0xFFEEF1EC,0xFFEEF1EC,0xFFEEF1EC,0xFFEEF1EC,0xFFEEF1EC,0xFFEEF1EC,0xFFEEF1EC,0xFFEEF1EC,
  0xFFEEF1EC,0xFFEEF1EC,0xFFEEF1EC,0xFFEEF1EC,0xFFEEF1EC,0xFFEEF1EC,0xFFEEF1EC,0xFFEEF1EC,0xFFEEF1EC,0xFFEEF1EC,0xFFEEF1EC,0xFFEEF1EC,
  0xFFEEF1EC,0xFFEEF1EC,0xFFEEF1EC,0xFFEEF1EC,0xFFEEF1EC,0xFFEEF1EC,0xFFEEF1EC,0xFFEEF1EC,0xFFEEF1EC,0xFFEEF1EC,0xFFEEF1EC,0xFFEEF1EC,
  0xFFEEF1EC,0xFFEEF1EC,0xFFEEF1EC,0xFFEEF1EC,0xFFEEF1EC,0xFFEEF1EC,0xFFEEF1EC,0xFFEEF1EC,0xFFEEF1EC,0xFFEEF1EC,0xFFEEF1EC,0xFFEEF1EC,
  0xFFEEF1EC,0xFFEEF1EC,0xFFEEF1EC,0xFFEEF1EC,0xFFEEF1EC,0xFFEEF1EC,0xFFEEF1EC,0xFFEEF1EC,0xFFEEF1EC,0xFFEEF1EC,0xFFEEF1EC,0xFFEEF1EC,
  0xFFEEF1EC,0xFFEEF1EC,0xFFEEF1EC,0xFFEEF1EC,0xFFEEF1EC,0xFFEEF1EC,0xFFEEF1EC,0xFFEEF1EC,0xFFEEF1EC,0xFFEEF1EC,0xFFEEF1EC,0xFFEEF1EC,
  0xFFEEF1EC,0xFFEEF1EC,0xFFEEF1EC,0xFFEEF1EC,0xFFEEF1EC,0xFFEEF1EC,0xFFEEF1EC,0xFFEEF1EC,0xFFEEF1EC,0xFFEEF1EC,0xFFEEF1EC,0xFFEEF1EC,
  0xFFEEF1EC,0xFFEEF1EC,0xFFEEF1EC,0xFFEEF1EC,0xFFEEF1EC,0xFFEEF1EC,0xFFEEF1EC,0xFFEEF1EC,0xFFEEF1EC,0xFFEEF1EC,0xFFEEF1EC,0xFFEEF1EC,
  0xFFEEF1EC,0xFFEEF1EC,0xFFEEF1EC,0xFFEEF1EC,0xFFEEF1EC,0xFFEEF1EC,0xFFEEF1EC,0xFFEEF1EC,0xFFEEF1EC,0xFFEEF1EC,0xFFEEF1EC,0xFFEEF1EC,
  0xFFEEF1EC,0xFFEEF1EC,0xFFEEF1EC,0xFFEEF1EC,0xFFEEF1EC,0xFFEEF1EC,0xFFEEF1EC,0xFFEEF1EC,0xFFEEF1EC,0xFFEEF1EC,0xFFEEF1EC,0xFFEEF1EC,
  0xFFEEF1EC,0xFFEEF1EC,0xFFEEF1EC,0xFFEEF1EC,0xFFEEF1EC,0xFFEEF1EC,0xFFEEF1EC,0xFFEEF1EC,0xFFEEF1EC,0xFFEEF1EC,0xFFEEF1EC,0xFFEEF1EC,
  0xFFEEF1EC,0xFFEEF1EC,0xFFEEF1EC,0xFFEEF1EC,0xFFEEF1EC,0xFFEEF1EC,0xFFEEF1EC,0xFFEEF1EC,0xFFEEF1EC,0xFFEEF1EC,0xFFEEF1EC,0xFFEEF1EC,
  0xFFEEF1EC,0xFFEEF1EC,0xFFEEF1EC,0xFFEEF1EC,0xFFEEF1EC,0xFFEEF1EC,0xFFEEF1EC,0xFFEEF1EC,0xFFEEF1EC,0xFFEEF1EC,0xFFEEF1EC,0xFFEEF1EC,
  0xFFEEF1EC,0xFFEEF1EC,0xFFEEF1EC,0xFFEEF1EC,0xFFEEF1EC,0xFFEEF1EC,0xFFEEF1EC,0xFFEEF1EC,0xFFEEF1EC,0xFFEEF1EC,0xFFEEF1EC,0xFFEEF1EC,
  0xFFEEF1EC,0xFFEEF1EC,0xFFEEF1EC,0xFFEEF1EC,0xFFEEF1EC,0xFFEEF1EC,0xFFEEF1EC,0xFFEEF1EC,0xFFEEF1EC,0xFFEEF1EC,0xFFEEF1EC,0xFFEEF1EC,
  0xFFEEF1EC,0xFFEEF1EC,0xFFEEF1EC,0xFFEEF1EC,0xFFEEF1EC,0xFFEEF1EC,0xFFEEF1EC,0xFFEEF1EC,0xFFEEF1EC,0xFFEEF1EC,0xFFEEF1EC,0xFFEEF1EC,
  0xFFEEF1EC,0xFFEEF1EC,0xFFEEF1EC,0xFFEEF1EC,0xFFEEF1EC,0xFFEEF1EC,0xFFEEF1EC,0xFFEEF1EC,0xFFEEF1EC,0xFFEEF1EC,0xFFEEF1EC,0xFFEEF1EC,
  0xFFEEF1EC,0xFFEEF1EC,0xFFEEF1EC,0xFFEEF1EC,0xFFEEF1EC,0xFFEEF1EC,0xFFEEF1EC,0xFFEEF1EC,0xFFEEF1EC,0xFFEEF1EC,0xFFEEF1EC,0xFFEEF1EC,
  0xFFEEF1EC,0xFFEEF1EC,0xFFEEF1EC,0xFFEEF1EC,0xFFEEF1EC,0xFFEEF1EC,0xFFEEF1EC,0xFFEEF1EC,0xFFEEF1EC,0xFFEEF1EC,0xFFEEF1EC,0xFFEEF1EC,
  0xFFEEF1EC,0xFFEEF1EC,0xFFEEF1EC,0xFFEEF1EC,0xFFEEF1EC,0xFFEEF1EC,0xFFEEF1EC,0xFFEEF1EC,0xFFEEF1EC,0xFFEEF1EC,0xFFEEF1EC,0xFFEEF1EC,
  0xFFEEF1EC,0xFFEEF1EC,0xFFEEF1EC,0xFFEEF1EC,0xFFEEF1EC,0xFFEEF1EC,0xFFEEF1EC,0xFFEEF1EC,0xFFEEF1EC,0xFFEEF1EC,0xFFEEF1EC,0xFFEEF1EC,
  0xFFEEF1EC,0xFFEEF1EC,0xFFEEF1EC,0xFFEEF1EC,0xFFEEF1EC,0xFFEEF1EC,0xFFEEF1EC,0xFFEEF1EC,0xFFEEF1EC,0xFFEEF1EC,0xFFEEF1EC,0xFFEEF1EC,
  0xFFEEF1EC,0xFFEEF1EC,0xFFEEF1EC,0xFFEEF1EC,0xFFEEF1EC,0xFFEEF1EC,0xFFEEF1EC,0xFFEEF1EC,0xFFEEF1EC,0xFFEEF1EC,0xFFEEF1EC,0xFFEEF1EC,
  0xFFEEF1EC,0xFFEEF1EC,0xFFEEF1EC,0xFFEEF1EC,0xFFEEF1EC,0xFFEEF1EC,0xFFEEF1EC,0xFFEEF1EC,0xFFEEF1EC,0xFFEEF1EC,0xFFEEF1EC,0xFFEEF1EC,
  0xFFEEF1EC,0xFFEEF1EC,0xFFEEF1EC,0xFFEEF1EC,0xFFEEF1EC,0xFFEEF1EC,0xFFEEF1EC,0xFFEEF1EC,0xFFEEF1EC,0xFFEEF1EC,0xFFEEF1EC,0xFFEEF1EC,
  0xFFEEF1EC,0xFFEEF1EC,0xFFEEF1EC,0xFFEEF1EC,0xFFEEF1EC,0xFFEEF1EC,0xFFEEF1EC,0xFFEEF1EC,0xFFEEF1EC,0xFFEEF1EC,0xFFEEF1EC,0xFFEEF1EC,
  0xFFEEF1EC,0xFFEEF1EC,0xFFEEF1EC,0xFFEEF1EC,0xFFEEF1EC,0xFFEEF1EC,0xFFEEF1EC,0xFFEEF1EC,0xFFEEF1EC,0xFFEEF1EC,0xFFEEF1EC,0xFFEEF1EC,
  0xFFEEF1EC,0xFFEEF1EC,0xFFEEF1EC,0xFFEEF1EC,0xFFEEF1EC,0xFFEEF1EC,0xFFEEF1EC,0xFFEEF1EC,0xFFEEF1EC,0xFFEEF1EC,0xFFEEF1EC,0xFFEEF1EC,
  0xFFEEF1EC,0xFFEEF1EC,0xFFEEF1EC,0xFFEEF1EC,0xFFEEF1EC,0xFFEEF1EC,0xFFEEF1EC,0xFFEEF1EC,0xFFEEF1EC,0xFFEEF1EC,0xFFEEF1EC,0xFFEEF1EC,
  0xFFEEF1EC,0xFFEEF1EC,0xFFEEF1EC,0xFFEEF1EC,0xFFEEF1EC,0xFFEEF1EC,0xFFEEF1EC,0xFFEEF1EC,0xFFEEF1EC,0xFFEEF1EC,0xFFEEF1EC,0xFFEEF1EC,
  0xFFEEF1EC,0xFFEEF1EC,0xFFEEF1EC,0xFFEEF1EC,0xFFEEF1EC,0xFFEEF1EC,0xFFEEF1EC,0xFFEEF1EC,0xFFEEF1EC,0xFFEEF1EC,0xFFEEF1EC,0xFFEEF1EC,
  0xFFEEF1EC,0xFFEEF1EC,0xFFEEF1EC,0xFFEEF1EC,0xFFEEF1EC,0xFFEEF1EC,0xFFEEF1EC,0xFFEEF1EC,0xFFEEF1EC,0xFFEEF1EC,0xFFEEF1EC,0xFFEEF1EC,
  0xFFEEF1EC,0xFFEEF1EC,0xFFEEF1EC,0xFFEEF1EC,0xFFEEF1EC,0xFFEEF1EC,0xFFEEF1EC,0xFFEEF1EC,0xFFEEF1EC,0xFFEEF1EC,0xFFEEF1EC,0xFFEEF1EC,
  0xFFEEF1EC,0xFFEEF1EC,0xFFEEF1EC,0xFFEEF1EC,0xFFEEF1EC,0xFFEEF1EC,0xFFEEF1EC,0xFFEEF1EC,0xFFEEF1EC,0xFFEEF1EC,0xFFEEF1EC,0xFFEEF1EC,
  0xFFEEF1EC,0xFFEEF1EC,0xFFEEF1EC,0xFFEEF1EC,0xFFEEF1EC,0xFFEEF1EC,0xFFEEF1EC,0xFFEEF1EC,0xFFEEF1EC,0xFFEEF1EC,0xFFEEF1EC,0xFFEEF1EC,
  0xFFEEF1EC,0xFFEEF1EC,0xFFEEF1EC,0xFFEEF1EC,0xFFEEF1EC,0xFFEEF1EC,0xFFEEF1EC,0xFFEEF1EC,0xFFEEF1EC,0xFFEEF1EC,0xFFEEF1EC,0xFFEEF1EC,
  0xFFEEF1EC,0xFFEEF1EC,0xFFEEF1EC,0xFFEEF1EC,0xFFEEF1EC,0xFFEEF1EC,0xFFEEF1EC,0xFFEEF1EC,0xFFEEF1EC,0xFFEEF1EC,0xFFEEF1EC,0xFFEEF1EC,
  0xFFEEF1EC,0xFFEEF1EC,0xFFEEF1EC,0xFFEEF1EC,0xFFEEF1EC,0xFFEEF1EC,0xFFEEF1EC,0xFFEEF1EC,0xFFEEF1EC,0xFFEEF1EC,0xFFEEF1EC,0xFFEEF1EC,
  0xFFEEF1EC,0xFFEEF1EC,0xFFEEF1EC,0xFFEEF1EC,0xFFEEF1EC,0xFFEEF1EC,0xFFEEF1EC,0xFFEEF1EC,0xFFEEF1EC,0xFFEEF1EC,0xFFEEF1EC,0xFFEEF1EC,
  0xFFEEF1EC,0xFFEEF1EC,0xFFEEF1EC,0xFFEEF1EC,0xFFEEF1EC,0xFFEEF1EC,0xFFEEF1EC,0xFFEEF1EC,0xFFEEF1EC,0xFFEEF1EC,0xFFEEF1EC,0xFFEEF1EC,
  0xFFEEF1EC,0xFFEEF1EC,0xFFEEF1EC,0xFFEEF1EC,0xFFEEF1EC,0xFFEEF1EC,0xFFEEF1EC,0xFFEEF1EC,0xFFEEF1EC,0xFFEEF1EC,0xFFEEF1EC,0xFFEEF1EC,
  0xFFEEF1EC,0xFFEEF1EC,0xFFEEF1EC,0xFFEEF1EC,0xFFEEF1EC,0xFFEEF1EC,0xFFEEF1EC,0xFFEEF1EC,0xFFEEF1EC,0xFFEEF1EC,0xFFEEF1EC,0xFFEEF1EC,
  0xFFEEF1EC,0xFFEEF1EC,0xFFEEF1EC,0xFFEEF1EC,0xFFEEF1EC,0xFFEEF1EC,0xFFEEF1EC,0xFFEEF1EC,0xFFEEF1EC,0xFFEEF1EC,0xFFEEF1EC,0xFFEEF1EC,
  0xFFEEF1EC,0xFFEEF1EC,0xFFEEF1EC,0xFFEEF1EC,0xFFEEF1EC,0xFFEEF1EC,0xFFEEF1EC,0xFFEEF1EC,0xFFEEF1EC,0xFFEEF1EC,0xFFEEF1EC,0xFFEEF1EC,
  0xFFEEF1EC,0xFFEEF1EC,0xFFEEF1EC,0xFFEEF1EC,0xFFEEF1EC,0xFFEEF1EC,0xFFEEF1EC,0xFFEEF1EC,0xFFEEF1EC,0xFFEEF1EC,0xFFEEF1EC,0xFFEEF1EC,
  0xFFEEF1EC,0xFFEEF1EC,0xFFEEF1EC,0xFFEEF1EC,0xFFEEF1EC,0xFFEEF1EC,0xFFEEF1EC,0xFFEEF1EC,0xFFEEF1EC,0xFFEEF1EC,0xFFEEF1EC,0xFFEEF1EC,
  0xFFEEF1EC,0xFFEEF1EC,0xFFEEF1EC,0xFFEEF1EC,0xFFEEF1EC,0xFFEEF1EC,0xFFEEF1EC,0xFFEEF1EC,0xFFEEF1EC,0xFFEEF1EC,0xFFEEF1EC,0xFFEEF1EC,
  0xFFEEF1EC,0xFFEEF1EC,0xFFEEF1EC,0xFFEEF1EC,0xFFEEF1EC,0xFFEEF1EC,0xFFEEF1EC,0xFFEEF1EC,0xFFEEF1EC,0xFFEEF1EC,0xFFEEF1EC,0xFFEEF1EC,
  0xFFEEF1EC,0xFFEEF1EC,0xFFEEF1EC,0xFFEEF1EC,0xFFEEF1EC,0xFFEEF1EC,0xFFEEF1EC,0xFFEEF1EC,0xFFEEF1EC,0xFFEEF1EC,0xFFEEF1EC,0xFFEEF1EC,
  0xFFEEF1EC,0xFFEEF1EC,0xFFEEF1EC,0xFFEEF1EC,0xFFEEF1EC,0xFFEEF1EC,0xFFEEF1EC,0xFFEEF1EC,0xFFEEF1EC,0xFFEEF1EC,0xFFEEF1EC,0xFFEEF1EC,
  0xFFEEF1EC,0xFFEEF1EC,0xFFEEF1EC,0xFFEEF1EC,0xFFEEF1EC,0xFFEEF1EC,0xFFEEF1EC,0xFFEEF1EC,0xFFEEF1EC,0xFFEEF1EC,0xFFEEF1EC,0xFFEEF1EC,
  0xFFEEF1EC,0xFFEEF1EC,0xFFEEF1EC,0xFFEEF1EC,0xFFEEF1EC,0xFFEEF1EC,0xFFEEF1EC,0xFFEEF1EC,0xFFEEF1EC,0xFFEEF1EC,0xFFEEF1EC,0xFFEEF1EC,
  0xFFEEF1EC,0xFFEEF1EC,0xFFEEF1EC,0xFFEEF1EC,0xFFEEF1EC,0xFFEEF1EC,0xFFEEF1EC,0xFFEEF1EC,0xFFEEF1EC,0xFFEEF1EC,0xFFEEF1EC,0xFFEEF1EC,
  0xFFEEF1EC,0xFFEEF1EC,0xFFEEF1EC,0xFFEEF1EC,0xFFEEF1EC,0xFFEEF1EC,0xFFEEF1EC,0xFFEEF1EC,0xFFEEF1EC,0xFFEEF1EC,0xFFEEF1EC,0xFFEEF1EC,
  0xFFEEF1EC,0xFFEEF1EC,0xFFEEF1EC,0xFFEEF1EC,0xFFEEF1EC,0xFFEEF1EC,0xFFEEF1EC,0xFFEEF1EC,0xFFEEF1EC,0xFFEEF1EC,0xFFEEF1EC,0xFFEEF1EC,
  0xFFEEF1EC,0xFFEEF1EC,0xFFEEF1EC,0xFFEEF1EC,0xFFEEF1EC,0xFFEEF1EC,0xFFEEF1EC,0xFFEEF1EC,0xFFEEF1EC,0xFFEEF1EC,0xFFEEF1EC,0xFFEEF1EC,
  0xFFEEF1EC,0xFFEEF1EC,0xFFEEF1EC,0xFFEEF1EC,0xFFEEF1EC,0xFFEEF1EC,0xFFEEF1EC,0xFFEEF1EC,0xFFEEF1EC,0xFFEEF1EC,0xFFEEF1EC,0xFFEEF1EC,
  0xFFEEF1EC,0xFFEEF1EC,0xFFEEF1EC,0xFFEEF1EC,0xFFEEF1EC,0xFFEEF1EC,0xFFEEF1EC,0xFFEEF1EC,0xFFEEF1EC,0xFFEEF1EC,0xFFEEF1EC,0xFFEEF1EC,
  0xFFEEF1EC,0xFFEEF1EC,0xFFEEF1EC,0xFFEEF1EC,0xFFEEF1EC,0xFFEEF1EC,0xFFEEF1EC,0xFFEEF1EC,0xFFEEF1EC,0xFFEEF1EC,0xFFEEF1EC,0xFFEEF1EC,
  0xFFEEF1EC,0xFFEEF1EC,0xFFEEF1EC,0xFFEEF1EC,0xFFEEF1EC,0xFFEEF1EC,0xFFEEF1EC,0xFFEEF1EC,0xFFEEF1EC,0xFFEEF1EC,0xFFEEF1EC,0xFFEEF1EC,
  0xFFEEF1EC,0xFFEEF1EC,0xFFEEF1EC,0xFFEEF1EC,0xFFEEF1EC,0xFFEEF1EC,0xFFEEF1EC,0xFFEEF1EC,0xFFEEF1EC,0xFFEEF1EC,0xFFEEF1EC,0xFFEEF1EC,
  0xFFEEF1EC,0xFFEEF1EC,0xFFEEF1EC,0xFFEEF1EC,0xFFEEF1EC,0xFFEEF1EC,0xFFEEF1EC,0xFFEEF1EC,0xFFEEF1EC,0xFFEEF1EC,0xFFEEF1EC,0xFFEEF1EC,
  0xFFEEF1EC,0xFFEEF1EC,0xFFEEF1EC,0xFFEEF1EC,0xFFEEF1EC,0xFFEEF1EC,0xFFEEF1EC,0xFFEEF1EC,0xFFEEF1EC,0xFFEEF1EC,0xFFEEF1EC,0xFFEEF1EC,
  0xFFEEF1EC,0xFFEEF1EC,0xFFEEF1EC,0xFFEEF1EC,0xFFEEF1EC,0xFFEEF1EC,0xFFEEF1EC,0xFFEEF1EC,0xFFEEF1EC,0xFFEEF1EC,0xFFEEF1EC,0xFFEEF1EC,
  0xFFEEF1EC,0xFFEEF1EC,0xFFEEF1EC,0xFFEEF1EC,0xFFEEF1EC,0xFFEEF1EC,0xFFEEF1EC,0xFFEEF1EC,0xFFEEF1EC,0xFFEEF1EC,0xFFEEF1EC,0xFFEEF1EC,
  0xFFEEF1EC,0xFFEEF1EC,0xFFEEF1EC,0xFFEEF1EC,0xFFEEF1EC,0xFFEEF1EC,0xFFEEF1EC,0xFFEEF1EC,0xFFEEF1EC,0xFFEEF1EC,0xFFEEF1EC,0xFFEEF1EC,
  0xFFEEF1EC,0xFFEEF1EC,0xFFEEF1EC,0xFFEEF1EC,0xFFEEF1EC,0xFFEEF1EC,0xFFEEF1EC,0xFFEEF1EC,0xFFEEF1EC,0xFFEEF1EC,0xFFEEF1EC,0xFFEEF1EC,
  0xFFEEF1EC,0xFFEEF1EC,0xFFEEF1EC,0xFFEEF1EC,0xFFEEF1EC,0xFFEEF1EC,0xFFEEF1EC,0xFFEEF1EC,0xFFEEF1EC,0xFFEEF1EC,0xFFEEF1EC,0xFFEEF1EC,
  0xFFEEF1EC,0xFFEEF1EC,0xFFEEF1EC,0xFFEEF1EC,0xFFEEF1EC,0xFFEEF1EC,0xFFEEF1EC,0xFFEEF1EC,0xFFEEF1EC,0xFFEEF1EC,0xFFEEF1EC,0xFFEEF1EC,
  0xFFEEF1EC,0xFFEEF1EC,0xFFEEF1EC,0xFFEEF1EC,0xFFEEF1EC,0xFFEEF1EC,0xFFEEF1EC,0xFFEEF1EC,0xFFEEF1EC,0xFFEEF1EC,0xFFEEF1EC,0xFFEEF1EC,
  0xFFEEF1EC,0xFFEEF1EC,0xFFEEF1EC,0xFFEEF1EC,0xFFEEF1EC,0xFFEEF1EC,0xFFEEF1EC,0xFFEEF1EC,0xFFEEF1EC,0xFFEEF1EC,0xFFEEF1EC,0xFFEEF1EC,
  0xFFEEF1EC,0xFFEEF1EC,0xFFEEF1EC,0xFFEEF1EC,0xFFEEF1EC,0xFFEEF1EC,0xFFEEF1EC,0xFFEEF1EC,0xFFEEF1EC,0xFFEEF1EC,0xFFEEF1EC,0xFFEEF1EC,
  0xFFEEF1EC,0xFFEEF1EC,0xFFEEF1EC,0xFFEEF1EC,0xFFEEF1EC,0xFFEEF1EC,0xFFEEF1EC,0xFFEEF1EC,0xFFEEF1EC,0xFFEEF1EC,0xFFEEF1EC,0xFFEEF1EC,
  0xFFEEF1EC,0xFFEEF1EC,0xFFEEF1EC,0xFFEEF1EC,0xFFEEF1EC,0xFFEEF1EC,0xFFEEF1EC,0xFFEEF1EC,0xFFEEF1EC,0xFFEEF1EC,0xFFEEF1EC,0xFFEEF1EC,
  0xFFEEF1EC,0xFFEEF1EC,0xFFEEF1EC,0xFFEEF1EC,0xFFEEF1EC,0xFFEEF1EC,0xFFEEF1EC,0xFFEEF1EC,0xFFEEF1EC,0xFFEEF1EC,0xFFEEF1EC,0xFFEEF1EC,
  0xFFEEF1EC,0xFFEEF1EC,0xFFEEF1EC,0xFFEEF1EC,0xFFEEF1EC,0xFFEEF1EC,0xFFEEF1EC,0xFFEEF1EC,0xFFEEF1EC,0xFFEEF1EC,0xFFEEF1EC,0xFFEEF1EC,
  0xFFEEF1EC,0xFFEEF1EC,0xFFEEF1EC,0xFFEEF1EC,0xFFEEF1EC,0xFFEEF1EC,0xFFEEF1EC,0xFFEEF1EC,0xFFEEF1EC,0xFFEEF1EC,0xFFEEF1EC,0xFFEEF1EC,
  0xFFEEF1EC,0xFFEEF1EC,0xFFEEF1EC,0xFFEEF1EC,0xFFEEF1EC,0xFFEEF1EC,0xFFEEF1EC,0xFFEEF1EC,0xFFEEF1EC,0xFFEEF1EC,0xFFEEF1EC,0xFFEEF1EC,
  0xFFEEF1EC,0xFFEEF1EC,0xFFEEF1EC,0xFFEEF1EC,0xFFEEF1EC,0xFFEEF1EC,0xFFEEF1EC,0xFFEEF1EC,0xFFEEF1EC,0xFFEEF1EC,0xFFEEF1EC,0xFFEEF1EC,
  0xFFEEF1EC,0xFFEEF1EC,0xFFEEF1EC,0xFFEEF1EC,0xFFEEF1EC,0xFFEEF1EC,0xFFEEF1EC,0xFFEEF1EC,0xFFEEF1EC,0xFFEEF1EC,0xFFEEF1EC,0xFFEEF1EC,
  0xFFEEF1EC,0xFFEEF1EC,0xFFEEF1EC,0xFFEEF1EC,0xFFEEF1EC,0xFFEEF1EC,0xFFEEF1EC,0xFFEEF1EC,0xFFEEF1EC,0xFFEEF1EC,0xFFEEF1EC,0xFFEEF1EC,
  0xFFEEF1EC,0xFFEEF1EC,0xFFEEF1EC,0xFFEEF1EC,0xFFEEF1EC,0xFFEEF1EC,0xFFEEF1EC,0xFFEEF1EC,0xFFEEF1EC,0xFFEEF1EC,0xFFEEF1EC,0xFFEEF1EC,
  0xFFEEF1EC,0xFFEEF1EC,0xFFEEF1EC,0xFFEEF1EC,0xFFEEF1EC,0xFFEEF1EC,0xFFEEF1EC,0xFFEEF1EC,0xFFEEF1EC,0xFFEEF1EC,0xFFEEF1EC,0xFFEEF1EC,
  0xFFEEF1EC,0xFFEEF1EC,0xFFEEF1EC,0xFFEEF1EC,0xFFEEF1EC,0xFFEEF1EC,0xFFEEF1EC,0xFFEEF1EC,0xFFEEF1EC,0xFFEEF1EC,0xFFEEF1EC,0xFFEEF1EC,
  0xFFEEF1EC,0xFFEEF1EC,0xFFEEF1EC,0xFFEEF1EC,0xFFEEF1EC,0xFFEEF1EC,0xFFEEF1EC,0xFFEEF1EC,0xFFEEF1EC,0xFFEEF1EC,0xFFEEF1EC,0xFFEEF1EC,
  0xFFEEF1EC,0xFFEEF1EC,0xFFEEF1EC,0xFFEEF1EC,0xFFEEF1EC,0xFFEEF1EC,0xFFEEF1EC,0xFFEEF1EC,0xFFEEF1EC,0xFFEEF1EC,0xFFEEF1EC,0xFFEEF1EC,
  0xFFEEF1EC,0xFFEEF1EC,0xFFEEF1EC,0xFFEEF1EC,0xFFEEF1EC,0xFFEEF1EC,0xFFEEF1EC,0xFFEEF1EC,0xFFEEF1EC,0xFFEEF1EC,0xFFEEF1EC,0xFFEEF1EC,
  0xFFEEF1EC,0xFFEEF1EC,0xFFEEF1EC,0xFFEEF1EC,0xFFEEF1EC,0xFFEEF1EC,0xFFEEF1EC,0xFFEEF1EC,0xFFEEF1EC,0xFFEEF1EC,0xFFEEF1EC,0xFFEEF1EC,
  0xFFEEF1EC,0xFFEEF1EC,0xFFEEF1EC,0xFFEEF1EC,0xFFEEF1EC,0xFFEEF1EC,0xFFEEF1EC,0xFFEEF1EC,0xFFEEF1EC,0xFFEEF1EC,0xFFEEF1EC,0xFFEEF1EC,
  0xFFEEF1EC,0xFFEEF1EC,0xFFEEF1EC,0xFFEEF1EC,0xFFEEF1EC,0xFFEEF1EC,0xFFEEF1EC,0xFFEEF1EC,0xFFEEF1EC,0xFFEEF1EC,0xFFEEF1EC,0xFFEEF1EC,
  0xFFEEF1EC,0xFFEEF1EC,0xFFEEF1EC,0xFFEEF1EC,0xFFEEF1EC,0xFFEEF1EC,0xFFEEF1EC,0xFFEEF1EC,0xFFEEF1EC,0xFFEEF1EC,0xFFEEF1EC,0xFFEEF1EC,
  0xFFEEF1EC,0xFFEEF1EC,0xFFEEF1EC,0xFFEEF1EC,0xFFEEF1EC,0xFFEEF1EC,0xFFEEF1EC,0xFFEEF1EC,0xFFEEF1EC,0xFFEEF1EC,0xFFEEF1EC,0xFFEEF1EC,
  0xFFEEF1EC,0xFFEEF1EC,0xFFEEF1EC,0xFFEEF1EC,0xFFEEF1EC,0xFFEEF1EC,0xFFEEF1EC,0xFFEEF1EC,0xFFEEF1EC,0xFFEEF1EC,0xFFEEF1EC,0xFFEEF1EC,
  0xFFEEF1EC,0xFFEEF1EC,0xFFEEF1EC,0xFFEEF1EC,0xFFEEF1EC,0xFFEEF1EC,0xFFEEF1EC,0xFFEEF1EC,0xFFEEF1EC,0xFFEEF1EC,0xFFEEF1EC,0xFFEEF1EC,
  0xFFEEF1EC,0xFFEEF1EC,0xFFEEF1EC,0xFFEEF1EC,0xFFEEF1EC,0xFFEEF1EC,0xFFEEF1EC,0xFFEEF1EC,0xFFEEF1EC,0xFFEEF1EC,0xFFEEF1EC,0xFFEEF1EC,
  0xFFEEF1EC,0xFFEEF1EC,0xFFEEF1EC,0xFFEEF1EC,0xFFEEF1EC,0xFFEEF1EC,0xFFEEF1EC,0xFFEEF1EC,0xFFEEF1EC,0xFFEEF1EC,0xFFEEF1EC,0xFFEEF1EC,
  0xFFEEF1EC,0xFFEEF1EC,0xFFEEF1EC,0xFFEEF1EC,0xFFEEF1EC,0xFFEEF1EC,0xFFEEF1EC,0xFFEEF1EC,0xFFEEF1EC,0xFFEEF1EC,0xFFEEF1EC,0xFFEEF1EC,
  0xFFEEF1EC,0xFFEEF1EC,0xFFEEF1EC,0xFFEEF1EC,0xFFEEF1EC,0xFFEEF1EC,0xFFEEF1EC,0xFFEEF1EC,0xFFEEF1EC,0xFFEEF1EC,0xFFEEF1EC,0xFFEEF1EC,
  0xFFEEF1EC,0xFFEEF1EC,0xFFEEF1EC,0xFFEEF1EC,0xFFEEF1EC,0xFFEEF1EC,0xFFEEF1EC,0xFFEEF1EC,0xFFEEF1EC,0xFFEEF1EC,0xFFEEF1EC,0xFFEEF1EC,
  0xFFEEF1EC,0xFFEEF1EC,0xFFEEF1EC,0xFFEEF1EC,0xFFEEF1EC,0xFFEEF1EC,0xFFEEF1EC,0xFFEEF1EC,0xFFEEF1EC,0xFFEEF1EC,0xFFEEF1EC,0xFFEEF1EC,
  0xFFEEF1EC,0xFFEEF1EC,0xFFEEF1EC,0xFFEEF1EC,0xFFEEF1EC,0xFFEEF1EC,0xFFEEF1EC,0xFFEEF1EC,0xFFEEF1EC,0xFFEEF1EC,0xFFEEF1EC,0xFFEEF1EC,
  0xFFEEF1EC,0xFFEEF1EC,0xFFEEF1EC,0xFFEEF1EC,0xFFEEF1EC,0xFFEEF1EC,0xFFEEF1EC,0xFFEEF1EC,0xFFEEF1EC,0xFFEEF1EC,0xFFEEF1EC,0xFFEEF1EC,
  0xFFEEF1EC,0xFFEEF1EC,0xFFEEF1EC,0xFFEEF1EC,0xFFEEF1EC,0xFFEEF1EC,0xFFEEF1EC,0xFFEEF1EC,0xFFEEF1EC,0xFFEEF1EC,0xFFEEF1EC,0xFFEEF1EC,
  0xFFEEF1EC,0xFFEEF1EC,0xFFEEF1EC,0xFFEEF1EC,0xFFEEF1EC,0xFFEEF1EC,0xFFEEF1EC,0xFFEEF1EC,0xFFEEF1EC,0xFFEEF1EC,0xFFEEF1EC,0xFFEEF1EC,
  0xFFEEF1EC,0xFFEEF1EC,0xFFEEF1EC,0xFFEEF1EC,0xFFEEF1EC,0xFFEEF1EC,0xFFEEF1EC,0xFFEEF1EC,0xFFEEF1EC,0xFFEEF1EC,0xFFEEF1EC,0xFFEEF1EC,
  0xFFEEF1EC,0xFFEEF1EC,0xFFEEF1EC,0xFFEEF1EC,0xFFEEF1EC,0xFFEEF1EC,0xFFEEF1EC,0xFFEEF1EC,0xFFEEF1EC,0xFFEEF1EC,0xFFEEF1EC,0xFFEEF1EC,
  0xFFEEF1EC,0xFFEEF1EC,0xFFEEF1EC,0xFFEEF1EC,0xFFEEF1EC,0xFFEEF1EC,0xFFEEF1EC,0xFFEEF1EC,0xFFEEF1EC,0xFFEEF1EC,0xFFEEF1EC,0xFFEEF1EC,
  0xFFEEF1EC,0xFFEEF1EC,0xFFEEF1EC,0xFFEEF1EC,0xFFEEF1EC,0xFFEEF1EC,0xFFEEF1EC,0xFFEEF1EC,0xFFEEF1EC,0xFFEEF1EC,0xFFEEF1EC,0xFFEEF1EC,
  0xFFEEF1EC,0xFFEEF1EC,0xFFEEF1EC,0xFFEEF1EC,0xFFEEF1EC,0xFFEEF1EC,0xFFEEF1EC,0xFFEEF1EC,0xFFEEF1EC,0xFFEEF1EC,0xFFEEF1EC,0xFFEEF1EC,
  0xFFEEF1EC,0xFFEEF1EC,0xFFEEF1EC,0xFFEEF1EC,0xFFEEF1EC,0xFFEEF1EC,0xFFEEF1EC,0xFFEEF1EC,0xFFEEF1EC,0xFFEEF1EC,0xFFEEF1EC,0xFFEEF1EC,
  0xFFEEF1EC,0xFFEEF1EC,0xFFEEF1EC,0xFFEEF1EC,0xFFEEF1EC,0xFFEEF1EC,0xFFEEF1EC,0xFFEEF1EC,0xFFEEF1EC,0xFFEEF1EC,0xFFEEF1EC,0xFFEEF1EC,
  0xFFEEF1EC,0xFFEEF1EC,0xFFEEF1EC,0xFFEEF1EC,0xFFEEF1EC,0xFFEEF1EC,0xFFEEF1EC,0xFFEEF1EC,0xFFEEF1EC,0xFFEEF1EC,0xFFEEF1EC,0xFFEEF1EC,
  0xFFEEF1EC,0xFFEEF1EC,0xFFEEF1EC,0xFFEEF1EC,0xFFEEF1EC,0xFFEEF1EC,0xFFEEF1EC,0xFFEEF1EC,0xFFEEF1EC,0xFFEEF1EC,0xFFEEF1EC,0xFFEEF1EC,
  0xFFEEF1EC,0xFFEEF1EC,0xFFEEF1EC,0xFFEEF1EC,0xFFEEF1EC,0xFFEEF1EC,0xFFEEF1EC,0xFFEEF1EC,0xFFEEF1EC,0xFFEEF1EC,0xFFEEF1EC,0xFFEEF1EC,
  0xFFEEF1EC,0xFFEEF1EC,0xFFEEF1EC,0xFFEEF1EC,0xFFEEF1EC,0xFFEEF1EC,0xFFEEF1EC,0xFFEEF1EC,0xFFEEF1EC,0xFFEEF1EC,0xFFEEF1EC,0xFFEEF1EC,
  0xFFEEF1EC,0xFFEEF1EC,0xFFEEF1EC,0xFFEEF1EC,0xFFEEF1EC,0xFFEEF1EC,0xFFEEF1EC,0xFFEEF1EC,0xFFEEF1EC,0xFFEEF1EC,0xFFEEF1EC,0xFFEEF1EC,
  0xFFEEF1EC,0xFFEEF1EC,0xFFEEF1EC,0xFFEEF1EC,0xFFEEF1EC,0xFFEEF1EC,0xFFEEF1EC,0xFFEEF1EC,0xFFEEF1EC,0xFFEEF1EC,0xFFEEF1EC,0xFFEEF1EC,
  0xFFEEF1EC,0xFFEEF1EC,0xFFEEF1EC,0xFFEEF1EC,0xFFEEF1EC,0xFFEEF1EC,0xFFEEF1EC,0xFFEEF1EC,0xFFEEF1EC,0xFFEEF1EC,0xFFEEF1EC,0xFFEEF1EC,
  0xFFEEF1EC,0xFFEEF1EC,0xFFEEF1EC,0xFFEEF1EC,0xFFEEF1EC,0xFFEEF1EC,0xFFEEF1EC,0xFFEEF1EC,0xFFEEF1EC,0xFFEEF1EC,0xFFEEF1EC,0xFFEEF1EC,
  0xFFEEF1EC,0xFFEEF1EC,0xFFEEF1EC,0xFFEEF1EC,0xFFEEF1EC,0xFFEEF1EC,0xFFEEF1EC,0xFFEEF1EC,0xFFEEF1EC,0xFFEEF1EC,0xFFEEF1EC,0xFFEEF1EC,
  0xFFEEF1EC,0xFFEEF1EC,0xFFEEF1EC,0xFFEEF1EC,0xFFEEF1EC,0xFFEEF1EC,0xFFEEF1EC,0xFFEEF1EC,0xFFEEF1EC,0xFFEEF1EC,0xFFEEF1EC,0xFFEEF1EC,
  0xFFEEF1EC,0xFFEEF1EC,0xFFEEF1EC,0xFFEEF1EC,0xFFEEF1EC,0xFFEEF1EC,0xFFEEF1EC,0xFFEEF1EC,0xFFEEF1EC,0xFFEEF1EC,0xFFEEF1EC,0xFFEEF1EC,
  0xFFEEF1EC,0xFFEEF1EC,0xFFEEF1EC,0xFFEEF1EC,0xFFEEF1EC,0xFFEEF1EC,0xFFEEF1EC,0xFFEEF1EC,0xFFEEF1EC,0xFFEEF1EC,0xFFEEF1EC,0xFFEEF1EC,
  0xFFEEF1EC,0xFFEEF1EC,0xFFEEF1EC,0xFFEEF1EC,0xFFEEF1EC,0xFFEEF1EC,0xFFEEF1EC,0xFFEEF1EC,0xFFEEF1EC,0xFFEEF1EC,0xFFEEF1EC,0xFFEEF1EC,
  0xFFEEF1EC,0xFFEEF1EC,0xFFEEF1EC,0xFFEEF1EC,0xFFEEF1EC,0xFFEEF1EC,0xFFEEF1EC,0xFFEEF1EC,0xFFEEF1EC,0xFFEEF1EC,0xFFEEF1EC,0xFFEEF1EC,
  0xFFEEF1EC,0xFFEEF1EC,0xFFEEF1EC,0xFFEEF1EC,0xFFEEF1EC,0xFFEEF1EC,0xFFEEF1EC,0xFFEEF1EC,0xFFEEF1EC,0xFFEEF1EC,0xFFEEF1EC,0xFFEEF1EC,
  0xFFEEF1EC,0xFFEEF1EC,0xFFEEF1EC,0xFFEEF1EC,0xFFEEF1EC,0xFFEEF1EC,0xFFEEF1EC,0xFFEEF1EC,0xFFEEF1EC,0xFFEEF1EC,0xFFEEF1EC,0xFFEEF1EC,
  0xFFEEF1EC,0xFFEEF1EC,0xFFEEF1EC,0xFFEEF1EC,0xFFEEF1EC,0xFFEEF1EC,0xFFEEF1EC,0xFFEEF1EC,0xFFEEF1EC,0xFFEEF1EC,0xFFEEF1EC,0xFFEEF1EC,
  0xFFEEF1EC,0xFFEEF1EC,0xFFEEF1EC,0xFFEEF1EC,0xFFEEF1EC,0xFFEEF1EC,0xFFEEF1EC,0xFFEEF1EC,0xFFEEF1EC,0xFFEEF1EC,0xFFEEF1EC,0xFFEEF1EC,
  0xFFEEF1EC,0xFFEEF1EC,0xFFEEF1EC,0xFFEEF1EC,0xFFEEF1EC,0xFFEEF1EC,0xFFEEF1EC,0xFFEEF1EC,0xFFEEF1EC,0xFFEEF1EC,0xFFEEF1EC,0xFFEEF1EC,
  0xFFEEF1EC,0xFFEEF1EC,0xFFEEF1EC,0xFFEEF1EC,0xFFEEF1EC,0xFFEEF1EC,0xFFEEF1EC,0xFFEEF1EC,0xFFEEF1EC,0xFFEEF1EC,0xFFEEF1EC,0xFFEEF1EC,
  0xFFEEF1EC,0xFFEEF1EC,0xFFEEF1EC,0xFFEEF1EC,0xFFEEF1EC,0xFFEEF1EC,0xFFEEF1EC,0xFFEEF1EC,0xFFEEF1EC,0xFFEEF1EC,0xFFEEF1EC,0xFFEEF1EC,
  0xFFEEF1EC,0xFFEEF1EC,0xFFEEF1EC,0xFFEEF1EC,0xFFEEF1EC,0xFFEEF1EC,0xFFEEF1EC,0xFFEEF1EC,0xFFEEF1EC,0xFFEEF1EC,0xFFEEF1EC,0xFFEEF1EC,
  0xFFEEF1EC,0xFFEEF1EC,0xFFEEF1EC,0xFFEEF1EC,0xFFEEF1EC,0xFFEEF1EC,0xFFEEF1EC,0xFFEEF1EC,0xFFEEF1EC,0xFFEEF1EC,0xFFEEF1EC,0xFFEEF1EC,
  0xFFEEF1EC,0xFFEEF1EC,0xFFEEF1EC,0xFFEEF1EC,0xFFEEF1EC,0xFFEEF1EC,0xFFEEF1EC,0xFFEEF1EC,0xFFEEF1EC,0xFFEEF1EC,0xFFEEF1EC,0xFFEEF1EC,
  0xFFA7ADA3,0xFFA7ADA3,0xFFA7ADA3,0xFFA7ADA3,0xFFA7ADA3,0xFFA7ADA3,0xFFA7ADA3,0xFFA7ADA3,0xFFA7ADA3,0xFFA7ADA3,0xFFA7ADA3,0xFFA7ADA3,
  0xFFA7ADA3,0xFFA7ADA3,0xFFA7ADA3,0xFFA7ADA3,0xFFA7ADA3,0xFFA7ADA3,0xFFA7ADA3,0xFFA7ADA3,0xFFA7ADA3,0xFFA7ADA3,0xFFA7ADA3,0xFFA7ADA3,
  0xFFA7ADA3,0xFFA7ADA3,0xFFA7ADA3,0xFFA7ADA3,0xFFA7ADA3,0xFFA7ADA3,0xFFA7ADA3,0xFFA7ADA3,0xFFA7ADA3,0xFFA7ADA3,0xFFA7ADA3,0xFFA7ADA3,
  0xFFA7ADA3,0xFFA7ADA3,0xFFA7ADA3,0xFFA7ADA3,0xFFA7ADA3,0xFFA7ADA3,0xFFA7ADA3,0xFFA7ADA3,0xFFA7ADA3,0xFFA7ADA3,0xFFA7ADA3,0xFFA7ADA3,
  0xFFA7ADA3,0xFFA7ADA3,0xFFA7ADA3,0xFFA7ADA3,0xFFA7ADA3,0xFFA7ADA3,0xFFA7ADA3,0xFFA7ADA3,0xFFA7ADA3,0xFFA7ADA3,0xFFA7ADA3,0xFFA7ADA3,
  0xFFA7ADA3,0xFFA7ADA3,0xFFA7ADA3,0xFFA7ADA3,0xFFA7ADA3,0xFFA7ADA3,0xFFA7ADA3,0xFFA7ADA3,0xFFA7ADA3,0xFFA7ADA3,0xFFA7ADA3,0xFFA7ADA3,
  0xFFA7ADA3,0xFFA7ADA3,0xFFA7ADA3,0xFFA7ADA3,0xFFA7ADA3,0xFFA7ADA3,0xFFA7ADA3,0xFFA7ADA3,0xFFA7ADA3,0xFFA7ADA3,0xFFA7ADA3,0xFFA7ADA3,
  0xFFA7ADA3,0xFFA7ADA3,0xFFA7ADA3,0xFFA7ADA3,0xFFA7ADA3,0xFFA7ADA3,0xFFA7ADA3,0xFFA7ADA3,0xFFA7ADA3,0xFFA7ADA3,0xFFA7ADA3,0xFFA7ADA3,
  0xFFA7ADA3,0xFFA7ADA3,0xFFA7ADA3,0xFFA7ADA3,0xFFA7ADA3,0xFFA7ADA3,0xFFA7ADA3,0xFFA7ADA3,0xFFA7ADA3,0xFFA7ADA3,0xFFA7ADA3,0xFFA7ADA3,
  0xFFA7ADA3,0xFFA7ADA3,0xFFA7ADA3,0xFFA7ADA3,0xFFA7ADA3,0xFFA7ADA3,0xFFA7ADA3,0xFFA7ADA3,0xFFA7ADA3,0xFFA7ADA3,0xFFA7ADA3,0xFFA7ADA3,
  0xFFA7ADA3,0xFFA7ADA3,0xFFA7ADA3,0xFFA7ADA3,0xFFA7ADA3,0xFFA7ADA3,0xFFA7ADA3,0xFFA7ADA3,0xFFA7ADA3,0xFFA7ADA3,0xFFA7ADA3,0xFFA7ADA3,
  0xFFA7ADA3,0xFFA7ADA3,0xFFA7ADA3,0xFFA7ADA3,0xFFA7ADA3,0xFFA7ADA3,0xFFA7ADA3,0xFFA7ADA3,0xFFA7ADA3,0xFFA7ADA3,0xFFA7ADA3,0xFFA7ADA3,
  0xFFA7ADA3,0xFFA7ADA3,0xFFA7ADA3,0xFFA7ADA3,0xFFA7ADA3,0xFFA7ADA3,0xFFA7ADA3,0xFFA7ADA3,0xFFA7ADA3,0xFFA7ADA3,0xFFA7ADA3,0xFFA7ADA3,
  0xFFA7ADA3,0xFFA7ADA3,0xFFA7ADA3,0xFFA7ADA3,0xFFA7ADA3,0xFFA7ADA3,0xFFA7ADA3,0xFFA7ADA3,0xFFA7ADA3,0xFFA7ADA3,0xFFA7ADA3,0xFFA7ADA3,
  0xFFA7ADA3,0xFFA7ADA3,0xFFA7ADA3,0xFFA7ADA3,0xFFA7ADA3,0xFFA7ADA3,0xFFA7ADA3,0xFFA7ADA3,0xFFA7ADA3,0xFFA7ADA3,0xFFA7ADA3,0xFFA7ADA3,
  0xFFA7ADA3,0xFFA7ADA3,0xFFA7ADA3,0xFFA7ADA3,0xFFA7ADA3,0xFFA7ADA3,0xFFA7ADA3,0xFFA7ADA3,0xFFA7ADA3,0xFFA7ADA3,0xFFA7ADA3,0xFFA7ADA3,
  0xFFA7ADA3,0xFFA7ADA3,0xFFA7ADA3,0xFFA7ADA3,0xFFA7ADA3,0xFFA7ADA3,0xFFA7ADA3,0xFFA7ADA3,0xFFA7ADA3,0xFFA7ADA3,0xFFA7ADA3,0xFFA7ADA3,
  0xFFA7ADA3,0xFFA7ADA3,0xFFA7ADA3,0xFFA7ADA3,0xFFA7ADA3,0xFFA7ADA3,0xFFA7ADA3,0xFFA7ADA3,0xFFA7ADA3,0xFFA7ADA3,0xFFA7ADA3,0xFFA7ADA3,
  0xFFA7ADA3,0xFFA7ADA3,0xFFA7ADA3,0xFFA7ADA3,0xFFA7ADA3,0xFFA7ADA3,0xFFA7ADA3,0xFFA7ADA3,0xFFA7ADA3,0xFFA7ADA3,0xFFA7ADA3,0xFFA7ADA3,
  0xFFA7ADA3,0xFFA7ADA3,0xFFA7ADA3,0xFFA7ADA3,0xFFA7ADA3,0xFFA7ADA3,0xFFA7ADA3,0xFFA7ADA3,0xFFA7ADA3,0xFFA7ADA3,0xFFA7ADA3,0xFFA7ADA3,
  0xFFA7ADA3,0xFFA7ADA3,0xFFA7ADA3,0xFFA7ADA3,0xFFA7ADA3,0xFFA7ADA3,0xFFA7ADA3,0xFFA7ADA3,0xFFA7ADA3,0xFFA7ADA3,0xFFA7ADA3,0xFFA7ADA3,
  0xFFA7ADA3,0xFFA7ADA3,0xFFA7ADA3,0xFFA7ADA3,0xFFA7ADA3,0xFFA7ADA3,0xFFA7ADA3,0xFFA7ADA3,0xFFA7ADA3,0xFFA7ADA3,0xFFA7ADA3,0xFFA7ADA3,
  0xFFA7ADA3,0xFFA7ADA3,0xFFA7ADA3,0xFFA7ADA3,0xFFA7ADA3,0xFFA7ADA3,0xFFA7ADA3,0xFFA7ADA3,0xFFA7ADA3,0xFFA7ADA3,0xFFA7ADA3,0xFFA7ADA3,
  0xFFA7ADA3,0xFFA7ADA3,0xFFA7ADA3,0xFFA7ADA3,0xFFA7ADA3,0xFFA7ADA3,0xFFA7ADA3,0xFFA7ADA3,0xFFA7ADA3,0xFFA7ADA3,0xFFA7ADA3,0xFFA7ADA3,
  0xFFA7ADA3,0xFFA7ADA3,0xFFA7ADA3,0xFFA7ADA3,0xFFA7ADA3,0xFFA7ADA3,0xFFA7ADA3,0xFFA7ADA3,0xFFA7ADA3,0xFFA7ADA3,0xFFA7ADA3,0xFFA7ADA3,
  0xFFA7ADA3,0xFFA7ADA3,0xFFA7ADA3,0xFFA7ADA3,0xFFA7ADA3,0xFFA7ADA3,0xFFA7ADA3,0xFFA7ADA3,0xFFA7ADA3,0xFFA7ADA3,0xFFA7ADA3,0xFFA7ADA3,
  0xFFA7ADA3,0xFFA7ADA3,0xFFA7ADA3,0xFFA7ADA3,0xFFA7ADA3,0xFFA7ADA3,0xFFA7ADA3,0xFFA7ADA3,0xFFA7ADA3,0xFFA7ADA3,0xFFA7ADA3,0xFFA7ADA3,
  0xFFA7ADA3,0xFFA7ADA3,0xFFA7ADA3,0xFFA7ADA3,0xFFA7ADA3,0xFFA7ADA3,0xFFA7ADA3,0xFFA7ADA3,0xFFA7ADA3,0xFFA7ADA3,0xFFA7ADA3,0xFFA7ADA3,
  0xFFA7ADA3,0xFFA7ADA3,0xFFA7ADA3,0xFFA7ADA3,0xFFA7ADA3,0xFFA7ADA3,0xFFA7ADA3,0xFFA7ADA3,0xFFA7ADA3,0xFFA7ADA3,0xFFA7ADA3,0xFFA7ADA3,
  0xFFA7ADA3,0xFFA7ADA3,0xFFA7ADA3,0xFFA7ADA3,0xFFA7ADA3,0xFFA7ADA3,0xFFA7ADA3,0xFFA7ADA3,0xFFA7ADA3,0xFFA7ADA3,0xFFA7ADA3,0xFFA7ADA3,
  0xFFEEF1EC,0xFFEEF1EC,0xFFEEF1EC,0xFFEEF1EC,0xFFEEF1EC,0xFFEEF1EC,0xFFEEF1EC,0xFFEEF1EC,0xFFEEF1EC,0xFFEEF1EC,0xFFEEF1EC,0xFFEEF1EC,
  0xFFEEF1EC,0xFFEEF1EC,0xFFEEF1EC,0xFFEEF1EC,0xFFEEF1EC,0xFFEEF1EC,0xFFEEF1EC,0xFFEEF1EC,0xFFEEF1EC,0xFFEEF1EC,0xFFEEF1EC,0xFFEEF1EC,
  0xFFEEF1EC,0xFFEEF1EC,0xFFEEF1EC,0xFFEEF1EC,0xFFEEF1EC,0xFFEEF1EC,0xFFEEF1EC,0xFFEEF1EC,0xFFEEF1EC,0xFFEEF1EC,0xFFEEF1EC,0xFFEEF1EC,
  0xFFEEF1EC,0xFFEEF1EC,0xFFEEF1EC,0xFFEEF1EC,0xFFEEF1EC,0xFFEEF1EC,0xFFEEF1EC,0xFFEEF1EC,0xFFEEF1EC,0xFFEEF1EC,0xFFEEF1EC,0xFFEEF1EC,
  0xFFEEF1EC,0xFFEEF1EC,0xFFEEF1EC,0xFFEEF1EC,0xFFEEF1EC,0xFFEEF1EC,0xFFEEF1EC,0xFFEEF1EC,0xFFEEF1EC,0xFFEEF1EC,0xFFEEF1EC,0xFFEEF1EC,
  0xFFEEF1EC,0xFFEEF1EC,0xFFEEF1EC,0xFFEEF1EC,0xFFEEF1EC,0xFFEEF1EC,0xFFEEF1EC,0xFFEEF1EC,0xFFEEF1EC,0xFFEEF1EC,0xFFEEF1EC,0xFFEEF1EC,
  0xFFEEF1EC,0xFFEEF1EC,0xFFEEF1EC,0xFFEEF1EC,0xFFEEF1EC,0xFFEEF1EC,0xFFEEF1EC,0xFFEEF1EC,0xFFEEF1EC,0xFFEEF1EC,0xFFEEF1EC,0xFFEEF1EC,
  0xFFEEF1EC,0xFFEEF1EC,0xFFEEF1EC,0xFFEEF1EC,0xFFEEF1EC,0xFFEEF1EC,0xFFEEF1EC,0xFFEEF1EC,0xFFEEF1EC,0xFFEEF1EC,0xFFEEF1EC,0xFFEEF1EC,
  0xFFEEF1EC,0xFFEEF1EC,0xFFEEF1EC,0xFFEEF1EC,0xFFEEF1EC,0xFFEEF1EC,0xFFEEF1EC,0xFFEEF1EC,0xFFEEF1EC,0xFFEEF1EC,0xFFEEF1EC,0xFFEEF1EC,
  0xFFEEF1EC,0xFFEEF1EC,0xFFEEF1EC,0xFFEEF1EC,0xFFEEF1EC,0xFFEEF1EC,0xFFEEF1EC,0xFFEEF1EC,0xFFEEF1EC,0xFFEEF1EC,0xFFEEF1EC,0xFFEEF1EC,
  0xFFEEF1EC,0xFFEEF1EC,0xFFEEF1EC,0xFFEEF1EC,0xFFEEF1EC,0xFFEEF1EC,0xFFEEF1EC,0xFFEEF1EC,0xFFEEF1EC,0xFFEEF1EC,0xFFEEF1EC,0xFFEEF1EC,
  0xFFEEF1EC,0xFFEEF1EC,0xFFEEF1EC,0xFFEEF1EC,0xFFEEF1EC,0xFFEEF1EC,0xFFEEF1EC,0xFFEEF1EC,0xFFEEF1EC,0xFFEEF1EC,0xFFEEF1EC,0xFFEEF1EC,
  0xFFEEF1EC,0xFFEEF1EC,0xFFEEF1EC,0xFFEEF1EC,0xFFEEF1EC,0xFFEEF1EC,0xFFEEF1EC,0xFFEEF1EC,0xFFEEF1EC,0xFFEEF1EC,0xFFEEF1EC,0xFFEEF1EC,
  0xFFEEF1EC,0xFFEEF1EC,0xFFEEF1EC,0xFFEEF1EC,0xFFEEF1EC,0xFFEEF1EC,0xFFEEF1EC,0xFFEEF1EC,0xFFEEF1EC,0xFFEEF1EC,0xFFEEF1EC,0xFFEEF1EC,
  0xFFEEF1EC,0xFFEEF1EC,0xFFEEF1EC,0xFFEEF1EC,0xFFEEF1EC,0xFFEEF1EC,0xFFEEF1EC,0xFFEEF1EC,0xFFEEF1EC,0xFFEEF1EC,0xFFEEF1EC,0xFFEEF1EC,
  0xFFEEF1EC,0xFFEEF1EC,0xFFEEF1EC,0xFFEEF1EC,0xFFEEF1EC,0xFFEEF1EC,0xFFEEF1EC,0xFFEEF1EC,0xFFEEF1EC,0xFFEEF1EC,0xFFEEF1EC,0xFFEEF1EC,
  0xFFEEF1EC,0xFFEEF1EC,0xFFEEF1EC,0xFFEEF1EC,0xFFEEF1EC,0xFFEEF1EC,0xFFEEF1EC,0xFFEEF1EC,0xFFEEF1EC,0xFFEEF1EC,0xFFEEF1EC,0xFFEEF1EC,
  0xFFEEF1EC,0xFFEEF1EC,0xFFEEF1EC,0xFFEEF1EC,0xFFEEF1EC,0xFFEEF1EC,0xFFEEF1EC,0xFFEEF1EC,0xFFEEF1EC,0xFFEEF1EC,0xFFEEF1EC,0xFFEEF1EC,
  0xFFEEF1EC,0xFFEEF1EC,0xFFEEF1EC,0xFFEEF1EC,0xFFEEF1EC,0xFFEEF1EC,0xFFEEF1EC,0xFFEEF1EC,0xFFEEF1EC,0xFFEEF1EC,0xFFEEF1EC,0xFFEEF1EC,
  0xFFEEF1EC,0xFFEEF1EC,0xFFEEF1EC,0xFFEEF1EC,0xFFEEF1EC,0xFFEEF1EC,0xFFEEF1EC,0xFFEEF1EC,0xFFEEF1EC,0xFFEEF1EC,0xFFEEF1EC,0xFFEEF1EC,
  0xFFEEF1EC,0xFFEEF1EC,0xFFEEF1EC,0xFFEEF1EC,0xFFEEF1EC,0xFFEEF1EC,0xFFEEF1EC,0xFFEEF1EC,0xFFEEF1EC,0xFFEEF1EC,0xFFEEF1EC,0xFFEEF1EC,
  0xFFEEF1EC,0xFFEEF1EC,0xFFEEF1EC,0xFFEEF1EC,0xFFEEF1EC,0xFFEEF1EC,0xFFEEF1EC,0xFFEEF1EC,0xFFEEF1EC,0xFFEEF1EC,0xFFEEF1EC,0xFFEEF1EC,
  0xFFEEF1EC,0xFFEEF1EC,0xFFEEF1EC,0xFFEEF1EC,0xFFEEF1EC,0xFFEEF1EC,0xFFEEF1EC,0xFFEEF1EC,0xFFEEF1EC,0xFFEEF1EC,0xFFEEF1EC,0xFFEEF1EC,
  0xFFEEF1EC,0xFFEEF1EC,0xFFEEF1EC,0xFFEEF1EC,0xFFEEF1EC,0xFFEEF1EC,0xFFEEF1EC,0xFFEEF1EC,0xFFEEF1EC,0xFFEEF1EC,0xFFEEF1EC,0xFFEEF1EC,
  0xFFEEF1EC,0xFFEEF1EC,0xFFEEF1EC,0xFFEEF1EC,0xFFEEF1EC,0xFFEEF1EC,0xFFEEF1EC,0xFFEEF1EC,0xFFEEF1EC,0xFFEEF1EC,0xFFEEF1EC,0xFFEEF1EC,
  0xFFEEF1EC,0xFFEEF1EC,0xFFEEF1EC,0xFFEEF1EC,0xFFEEF1EC,0xFFEEF1EC,0xFFEEF1EC,0xFFEEF1EC,0xFFEEF1EC,0xFFEEF1EC,0xFFEEF1EC,0xFFEEF1EC,
  0xFFEEF1EC,0xFFEEF1EC,0xFFEEF1EC,0xFFEEF1EC,0xFFEEF1EC,0xFFEEF1EC,0xFFEEF1EC,0xFFEEF1EC,0xFFEEF1EC,0xFFEEF1EC,0xFFEEF1EC,0xFFEEF1EC,
  0xFFEEF1EC,0xFFEEF1EC,0xFFEEF1EC,0xFFEEF1EC,0xFFEEF1EC,0xFFEEF1EC,0xFFEEF1EC,0xFFEEF1EC,0xFFEEF1EC,0xFFEEF1EC,0xFFEEF1EC,0xFFEEF1EC,
  0xFFEEF1EC,0xFFEEF1EC,0xFFEEF1EC,0xFFEEF1EC,0xFFEEF1EC,0xFFEEF1EC,0xFFEEF1EC,0xFFEEF1EC,0xFFEEF1EC,0xFFEEF1EC,0xFFEEF1EC,0xFFEEF1EC,
  0xFFEEF1EC,0xFFEEF1EC,0xFFEEF1EC,0xFFEEF1EC,0xFFEEF1EC,0xFFEEF1EC,0xFFEEF1EC,0xFFEEF1EC,0xFFEEF1EC,0xFFEEF1EC,0xFFEEF1EC,0xFFEEF1EC,
  0xFFEEF1EC,0xFFEEF1EC,0xFFEEF1EC,0xFFEEF1EC,0xFFEEF1EC,0xFFEEF1EC,0xFFEEF1EC,0xFFEEF1EC,0xFFEEF1EC,0xFFEEF1EC,0xFFEEF1EC,0xFFEEF1EC,
  0xFFEEF1EC,0xFFEEF1EC,0xFFEEF1EC,0xFFEEF1EC,0xFFEEF1EC,0xFFEEF1EC,0xFFEEF1EC,0xFFEEF1EC,0xFFEEF1EC,0xFFEEF1EC,0xFFEEF1EC,0xFFEEF1EC,
  0xFFEEF1EC,0xFFEEF1EC,0xFFEEF1EC,0xFFEEF1EC,0xFFEEF1EC,0xFFEEF1EC,0xFFEEF1EC,0xFFEEF1EC,0xFFEEF1EC,0xFFEEF1EC,0xFFEEF1EC,0xFFEEF1EC,
  0xFFEEF1EC,0xFFEEF1EC,0xFFEEF1EC,0xFFEEF1EC,0xFFEEF1EC,0xFFEEF1EC,0xFFEEF1EC,0xFFEEF1EC,0xFFEEF1EC,0xFFEEF1EC,0xFFEEF1EC,0xFFEEF1EC,
  0xFFEEF1EC,0xFFEEF1EC,0xFFEEF1EC,0xFFEEF1EC,0xFFEEF1EC,0xFFEEF1EC,0xFFEEF1EC,0xFFEEF1EC,0xFFEEF1EC,0xFFEEF1EC,0xFFEEF1EC,0xFFEEF1EC,
  0xFFEEF1EC,0xFFEEF1EC,0xFFEEF1EC,0xFFEEF1EC,0xFFEEF1EC,0xFFEEF1EC,0xFFEEF1EC,0xFFEEF1EC,0xFFEEF1EC,0xFFEEF1EC,0xFFEEF1EC,0xFFEEF1EC,
  0xFFEEF1EC,0xFFEEF1EC,0xFFEEF1EC,0xFFEEF1EC,0xFFEEF1EC,0xFFEEF1EC,0xFFEEF1EC,0xFFEEF1EC,0xFFEEF1EC,0xFFEEF1EC,0xFFEEF1EC,0xFFEEF1EC,
  0xFFEEF1EC,0xFFEEF1EC,0xFFEEF1EC,0xFFEEF1EC,0xFFEEF1EC,0xFFEEF1EC,0xFFEEF1EC,0xFFEEF1EC,0xFFEEF1EC,0xFFEEF1EC,0xFFEEF1EC,0xFFEEF1EC,
  0xFFEEF1EC,0xFFEEF1EC,0xFFEEF1EC,0xFFEEF1EC,0xFFEEF1EC,0xFFEEF1EC,0xFFEEF1EC,0xFFEEF1EC,0xFFEEF1EC,0xFFEEF1EC,0xFFEEF1EC,0xFFEEF1EC,
  0xFFEEF1EC,0xFFEEF1EC,0xFFEEF1EC,0xFFEEF1EC,0xFFEEF1EC,0xFFEEF1EC,0xFFEEF1EC,0xFFEEF1EC,0xFFEEF1EC,0xFFEEF1EC,0xFFEEF1EC,0xFFEEF1EC,
  0xFFEEF1EC,0xFFEEF1EC,0xFFEEF1EC,0xFFEEF1EC,0xFFEEF1EC,0xFFEEF1EC,0xFFEEF1EC,0xFFEEF1EC,0xFFEEF1EC,0xFFEEF1EC,0xFFEEF1EC,0xFFEEF1EC,
  0xFFEEF1EC,0xFFEEF1EC,0xFFEEF1EC,0xFFEEF1EC,0xFFEEF1EC,0xFFEEF1EC,0xFFEEF1EC,0xFFEEF1EC,0xFFEEF1EC,0xFFEEF1EC,0xFFEEF1EC,0xFFEEF1EC,
  0xFFEEF1EC,0xFFEEF1EC,0xFFEEF1EC,0xFFEEF1EC,0xFFEEF1EC,0xFFEEF1EC,0xFFEEF1EC,0xFFEEF1EC,0xFFEEF1EC,0xFFEEF1EC,0xFFEEF1EC,0xFFEEF1EC,
  0xFFEEF1EC,0xFFEEF1EC,0xFFEEF1EC,0xFFEEF1EC,0xFFEEF1EC,0xFFEEF1EC,0xFFEEF1EC,0xFFEEF1EC,0xFFEEF1EC,0xFFEEF1EC,0xFFEEF1EC,0xFFEEF1EC,
  0xFFEEF1EC,0xFFEEF1EC,0xFFEEF1EC,0xFFEEF1EC,0xFFEEF1EC,0xFFEEF1EC,0xFFEEF1EC,0xFFEEF1EC,0xFFEEF1EC,0xFFEEF1EC,0xFFEEF1EC,0xFFEEF1EC,
  0xFFEEF1EC,0xFFEEF1EC,0xFFEEF1EC,0xFFEEF1EC,0xFFEEF1EC,0xFFEEF1EC,0xFFEEF1EC,0xFFEEF1EC,0xFFEEF1EC,0xFFEEF1EC,0xFFEEF1EC,0xFFEEF1EC,
  0xFFEEF1EC,0xFFEEF1EC,0xFFEEF1EC,0xFFEEF1EC,0xFFEEF1EC,0xFFEEF1EC,0xFFEEF1EC,0xFFEEF1EC,0xFFEEF1EC,0xFFEEF1EC,0xFFEEF1EC,0xFFEEF1EC,
  0xFFEEF1EC,0xFFEEF1EC,0xFFEEF1EC,0xFFEEF1EC,0xFFEEF1EC,0xFFEEF1EC,0xFFEEF1EC,0xFFEEF1EC,0xFFEEF1EC,0xFFEEF1EC,0xFFEEF1EC,0xFFEEF1EC,
  0xFFEEF1EC,0xFFEEF1EC,0xFFEEF1EC,0xFFEEF1EC,0xFFEEF1EC,0xFFEEF1EC,0xFFEEF1EC,0xFFEEF1EC,0xFFEEF1EC,0xFFEEF1EC,0xFFEEF1EC,0xFFEEF1EC,
  0xFFEEF1EC,0xFFEEF1EC,0xFFEEF1EC,0xFFEEF1EC,0xFFEEF1EC,0xFFEEF1EC,0xFFEEF1EC,0xFFEEF1EC,0xFFEEF1EC,0xFFEEF1EC,0xFFEEF1EC,0xFFEEF1EC,
  0xFFEEF1EC,0xFFEEF1EC,0xFFEEF1EC,0xFFEEF1EC,0xFFEEF1EC,0xFFEEF1EC,0xFFEEF1EC,0xFFEEF1EC,0xFFEEF1EC,0xFFEEF1EC,0xFFEEF1EC,0xFFEEF1EC,
  0xFFEEF1EC,0xFFEEF1EC,0xFFEEF1EC,0xFFEEF1EC,0xFFEEF1EC,0xFFEEF1EC,0xFFEEF1EC,0xFFEEF1EC,0xFFEEF1EC,0xFFEEF1EC,0xFFEEF1EC,0xFFEEF1EC,
  0xFFEEF1EC,0xFFEEF1EC,0xFFEEF1EC,0xFFEEF1EC,0xFFEEF1EC,0xFFEEF1EC,0xFFEEF1EC,0xFFEEF1EC,0xFFEEF1EC,0xFFEEF1EC,0xFFEEF1EC,0xFFEEF1EC,
  0xFFEEF1EC,0xFFEEF1EC,0xFFEEF1EC,0xFFEEF1EC,0xFFEEF1EC,0xFFEEF1EC,0xFFEEF1EC,0xFFEEF1EC,0xFFEEF1EC,0xFFEEF1EC,0xFFEEF1EC,0xFFEEF1EC,
  0xFFEEF1EC,0xFFEEF1EC,0xFFEEF1EC,0xFFEEF1EC,0xFFEEF1EC,0xFFEEF1EC,0xFFEEF1EC,0xFFEEF1EC,0xFFEEF1EC,0xFFEEF1EC,0xFFEEF1EC,0xFFEEF1EC,
  0xFFEEF1EC,0xFFEEF1EC,0xFFEEF1EC,0xFFEEF1EC,0xFFEEF1EC,0xFFEEF1EC,0xFFEEF1EC,0xFFEEF1EC,0xFFEEF1EC,0xFFEEF1EC,0xFFEEF1EC,0xFFEEF1EC,
  0xFFEEF1EC,0xFFEEF1EC,0xFFEEF1EC,0xFFEEF1EC,0xFFEEF1EC,0xFFEEF1EC,0xFFEEF1EC,0xFFEEF1EC,0xFFEEF1EC,0xFFEEF1EC,0xFFEEF1EC,0xFFEEF1EC,
  0xFFEEF1EC,0xFFEEF1EC,0xFFEEF1EC,0xFFEEF1EC,0xFFEEF1EC,0xFFEEF1EC,0xFFEEF1EC,0xFFEEF1EC,0xFFEEF1EC,0xFFEEF1EC,0xFFEEF1EC,0xFFEEF1EC,
  0xFFEEF1EC,0xFFEEF1EC,0xFFEEF1EC,0xFFEEF1EC,0xFFEEF1EC,0xFFEEF1EC,0xFFEEF1EC,0xFFEEF1EC,0xFFEEF1EC,0xFFEEF1EC,0xFFEEF1EC,0xFFEEF1EC,
  0xFFEEF1EC,0xFFEEF1EC,0xFFEEF1EC,0xFFEEF1EC,0xFFEEF1EC,0xFFEEF1EC,0xFFEEF1EC,0xFFEEF1EC,0xFFEEF1EC,0xFFEEF1EC,0xFFEEF1EC,0xFFEEF1EC,
  0xFFEEF1EC,0xFFEEF1EC,0xFFEEF1EC,0xFFEEF1EC,0xFFEEF1EC,0xFFEEF1EC,0xFFEEF1EC,0xFFEEF1EC,0xFFEEF1EC,0xFFEEF1EC,0xFFEEF1EC,0xFFEEF1EC,
  0xFFEEF1EC,0xFFEEF1EC,0xFFEEF1EC,0xFFEEF1EC,0xFFEEF1EC,0xFFEEF1EC,0xFFEEF1EC,0xFFEEF1EC,0xFFEEF1EC,0xFFEEF1EC,0xFFEEF1EC,0xFFEEF1EC,
  0xFFEEF1EC,0xFFEEF1EC,0xFFEEF1EC,0xFFEEF1EC,0xFFEEF1EC,0xFFEEF1EC,0xFFEEF1EC,0xFFEEF1EC,0xFFEEF1EC,0xFFEEF1EC,0xFFEEF1EC,0xFFEEF1EC,
  0xFFEEF1EC,0xFFEEF1EC,0xFFEEF1EC,0xFFEEF1EC,0xFFEEF1EC,0xFFEEF1EC,0xFFEEF1EC,0xFFEEF1EC,0xFFEEF1EC,0xFFEEF1EC,0xFFEEF1EC,0xFFEEF1EC,
  0xFFEEF1EC,0xFFEEF1EC,0xFFEEF1EC,0xFFEEF1EC,0xFFEEF1EC,0xFFEEF1EC,0xFFEEF1EC,0xFFEEF1EC,0xFFEEF1EC,0xFFEEF1EC,0xFFEEF1EC,0xFFEEF1EC,
  0xFFEEF1EC,0xFFEEF1EC,0xFFEEF1EC,0xFFEEF1EC,0xFFEEF1EC,0xFFEEF1EC,0xFFEEF1EC,0xFFEEF1EC,0xFFEEF1EC,0xFFEEF1EC,0xFFEEF1EC,0xFFEEF1EC,
  0xFFEEF1EC,0xFFEEF1EC,0xFFEEF1EC,0xFFEEF1EC,0xFFEEF1EC,0xFFEEF1EC,0xFFEEF1EC,0xFFEEF1EC,0xFFEEF1EC,0xFFEEF1EC,0xFFEEF1EC,0xFFEEF1EC,
  0xFFEEF1EC,0xFFEEF1EC,0xFFEEF1EC,0xFFEEF1EC,0xFFEEF1EC,0xFFEEF1EC,0xFFEEF1EC,0xFFEEF1EC,0xFFEEF1EC,0xFFEEF1EC,0xFFEEF1EC,0xFFEEF1EC,
  0xFFEEF1EC,0xFFEEF1EC,0xFFEEF1EC,0xFFEEF1EC,0xFFEEF1EC,0xFFEEF1EC,0xFFEEF1EC,0xFFEEF1EC,0xFFEEF1EC,0xFFEEF1EC,0xFFEEF1EC,0xFFEEF1EC,
  0xFFEEF1EC,0xFFEEF1EC,0xFFEEF1EC,0xFFEEF1EC,0xFFEEF1EC,0xFFEEF1EC,0xFFEEF1EC,0xFFEEF1EC,0xFFEEF1EC,0xFFEEF1EC,0xFFEEF1EC,0xFFEEF1EC,
  0xFFEEF1EC,0xFFEEF1EC,0xFFEEF1EC,0xFFEEF1EC,0xFFEEF1EC,0xFFEEF1EC,0xFFEEF1EC,0xFFEEF1EC,0xFFEEF1EC,0xFFEEF1EC,0xFFEEF1EC,0xFFEEF1EC,
  0xFFEEF1EC,0xFFEEF1EC,0xFFEEF1EC,0xFFEEF1EC,0xFFEEF1EC,0xFFEEF1EC,0xFFEEF1EC,0xFFEEF1EC,0xFFEEF1EC,0xFFEEF1EC,0xFFEEF1EC,0xFFEEF1EC,
  0xFFEEF1EC,0xFFEEF1EC,0xFFEEF1EC,0xFFEEF1EC,0xFFEEF1EC,0xFFEEF1EC,0xFFEEF1EC,0xFFEEF1EC,0xFFEEF1EC,0xFFEEF1EC,0xFFEEF1EC,0xFFEEF1EC,
  0xFFEEF1EC,0xFFEEF1EC,0xFFEEF1EC,0xFFEEF1EC,0xFFEEF1EC,0xFFEEF1EC,0xFFEEF1EC,0xFFEEF1EC,0xFFEEF1EC,0xFFEEF1EC,0xFFEEF1EC,0xFFEEF1EC,
  0xFFEEF1EC,0xFFEEF1EC,0xFFEEF1EC,0xFFEEF1EC,0xFFEEF1EC,0xFFEEF1EC,0xFFEEF1EC,0xFFEEF1EC,0xFFEEF1EC,0xFFEEF1EC,0xFFEEF1EC,0xFFEEF1EC,
  0xFFEEF1EC,0xFFEEF1EC,0xFFEEF1EC,0xFFEEF1EC,0xFFEEF1EC,0xFFEEF1EC,0xFFEEF1EC,0xFFEEF1EC,0xFFEEF1EC,0xFFEEF1EC,0xFFEEF1EC,0xFFEEF1EC,
  0xFFEEF1EC,0xFFEEF1EC,0xFFEEF1EC,0xFFEEF1EC,0xFFEEF1EC,0xFFEEF1EC,0xFFEEF1EC,0xFFEEF1EC,0xFFEEF1EC,0xFFEEF1EC,0xFFEEF1EC,0xFFEEF1EC,
  0xFFEEF1EC,0xFFEEF1EC,0xFFEEF1EC,0xFFEEF1EC,0xFFEEF1EC,0xFFEEF1EC,0xFFEEF1EC,0xFFEEF1EC,0xFFEEF1EC,0xFFEEF1EC,0xFFEEF1EC,0xFFEEF1EC,
  0xFFEEF1EC,0xFFEEF1EC,0xFFEEF1EC,0xFFEEF1EC,0xFFEEF1EC,0xFFEEF1EC,0xFFEEF1EC,0xFFEEF1EC,0xFFEEF1EC,0xFFEEF1EC,0xFFEEF1EC,0xFFEEF1EC,
  0xFFEEF1EC,0xFFEEF1EC,0xFFEEF1EC,0xFFEEF1EC,0xFFEEF1EC,0xFFEEF1EC,0xFFEEF1EC,0xFFEEF1EC,0xFFEEF1EC,0xFFEEF1EC,0xFFEEF1EC,0xFFEEF1EC,
  0xFFEEF1EC,0xFFEEF1EC,0xFFEEF1EC,0xFFEEF1EC,0xFFEEF1EC,0xFFEEF1EC,0xFFEEF1EC,0xFFEEF1EC,0xFFEEF1EC,0xFFEEF1EC,0xFFEEF1EC,0xFFEEF1EC,
  0xFFEEF1EC,0xFFEEF1EC,0xFFEEF1EC,0xFFEEF1EC,0xFFEEF1EC,0xFFEEF1EC,0xFFEEF1EC,0xFFEEF1EC,0xFFEEF1EC,0xFFEEF1EC,0xFFEEF1EC,0xFFEEF1EC,
  0xFFEEF1EC,0xFFEEF1EC,0xFFEEF1EC,0xFFEEF1EC,0xFFEEF1EC,0xFFEEF1EC,0xFFEEF1EC,0xFFEEF1EC,0xFFEEF1EC,0xFFEEF1EC,0xFFEEF1EC,0xFFEEF1EC,
  0xFFEEF1EC,0xFFEEF1EC,0xFFEEF1EC,0xFFEEF1EC,0xFFEEF1EC,0xFFEEF1EC,0xFFEEF1EC,0xFFEEF1EC,0xFFEEF1EC,0xFFEEF1EC,0xFFEEF1EC,0xFFEEF1EC,
  0xFFEEF1EC,0xFFEEF1EC,0xFFEEF1EC,0xFFEEF1EC,0xFFEEF1EC,0xFFEEF1EC,0xFFEEF1EC,0xFFEEF1EC,0xFFEEF1EC,0xFFEEF1EC,0xFFEEF1EC,0xFFEEF1EC,
  0xFFEEF1EC,0xFFEEF1EC,0xFFEEF1EC,0xFFEEF1EC,0xFFEEF1EC,0xFFEEF1EC,0xFFEEF1EC,0xFFEEF1EC,0xFFEEF1EC,0xFFEEF1EC,0xFFEEF1EC,0xFFEEF1EC,
  0xFFEEF1EC,0xFFEEF1EC,0xFFEEF1EC,0xFFEEF1EC,0xFFEEF1EC,0xFFEEF1EC,0xFFEEF1EC,0xFFEEF1EC,0xFFEEF1EC,0xFFEEF1EC,0xFFEEF1EC,0xFFEEF1EC,
  0xFFEEF1EC,0xFFEEF1EC,0xFFEEF1EC,0xFFEEF1EC,0xFFEEF1EC,0xFFEEF1EC,0xFFEEF1EC,0xFFEEF1EC,0xFFEEF1EC,0xFFEEF1EC,0xFFEEF1EC,0xFFEEF1EC,
  0xFFEEF1EC,0xFFEEF1EC,0xFFEEF1EC,0xFFEEF1EC,0xFFEEF1EC,0xFFEEF1EC,0xFFEEF1EC,0xFFEEF1EC,0xFFEEF1EC,0xFFEEF1EC,0xFFEEF1EC,0xFFEEF1EC,
  0xFFEEF1EC,0xFFEEF1EC,0xFFEEF1EC,0xFFEEF1EC,0xFFEEF1EC,0xFFEEF1EC,0xFFEEF1EC,0xFFEEF1EC,0xFFEEF1EC,0xFFEEF1EC,0xFFEEF1EC,0xFFEEF1EC,
  0xFFEEF1EC,0xFFEEF1EC,0xFFEEF1EC,0xFFEEF1EC,0xFFEEF1EC,0xFFEEF1EC,0xFFEEF1EC,0xFFEEF1EC,0xFFEEF1EC,0xFFEEF1EC,0xFFEEF1EC,0xFFEEF1EC,
  0xFFEEF1EC,0xFFEEF1EC,0xFFEEF1EC,0xFFEEF1EC,0xFFEEF1EC,0xFFEEF1EC,0xFFEEF1EC,0xFFEEF1EC,0xFFEEF1EC,0xFFEEF1EC,0xFFEEF1EC,0xFFEEF1EC,
  0xFFEEF1EC,0xFFEEF1EC,0xFFEEF1EC,0xFFEEF1EC,0xFFEEF1EC,0xFFEEF1EC,0xFFEEF1EC,0xFFEEF1EC,0xFFEEF1EC,0xFFEEF1EC,0xFFEEF1EC,0xFFEEF1EC,
  0xFFEEF1EC,0xFFEEF1EC,0xFFEEF1EC,0xFFEEF1EC,0xFFEEF1EC,0xFFEEF1EC,0xFFEEF1EC,0xFFEEF1EC,0xFFEEF1EC,0xFFEEF1EC,0xFFEEF1EC,0xFFEEF1EC,
  0xFFEEF1EC,0xFFEEF1EC,0xFFEEF1EC,0xFFEEF1EC,0xFFEEF1EC,0xFFEEF1EC,0xFFEEF1EC,0xFFEEF1EC,0xFFEEF1EC,0xFFEEF1EC,0xFFEEF1EC,0xFFEEF1EC,
  0xFFEEF1EC,0xFFEEF1EC,0xFFEEF1EC,0xFFEEF1EC,0xFFEEF1EC,0xFFEEF1EC,0xFFEEF1EC,0xFFEEF1EC,0xFFEEF1EC,0xFFEEF1EC,0xFFEEF1EC,0xFFEEF1EC,
  0xFFEEF1EC,0xFFEEF1EC,0xFFEEF1EC,0xFFEEF1EC,0xFFEEF1EC,0xFFEEF1EC,0xFFEEF1EC,0xFFEEF1EC,0xFFEEF1EC,0xFFEEF1EC,0xFFEEF1EC,0xFFEEF1EC,
  0xFFEEF1EC,0xFFEEF1EC,0xFFEEF1EC,0xFFEEF1EC,0xFFEEF1EC,0xFFEEF1EC,0xFFEEF1EC,0xFFEEF1EC,0xFFEEF1EC,0xFFEEF1EC,0xFFEEF1EC,0xFFEEF1EC,
  0xFFEEF1EC,0xFFEEF1EC,0xFFEEF1EC,0xFFEEF1EC,0xFFEEF1EC,0xFFEEF1EC,0xFFEEF1EC,0xFFEEF1EC,0xFFEEF1EC,0xFFEEF1EC,0xFFEEF1EC,0xFFEEF1EC,
  0xFFEEF1EC,0xFFEEF1EC,0xFFEEF1EC,0xFFEEF1EC,0xFFEEF1EC,0xFFEEF1EC,0xFFEEF1EC,0xFFEEF1EC,0xFFEEF1EC,0xFFEEF1EC,0xFFEEF1EC,0xFFEEF1EC,
  0xFFEEF1EC,0xFFEEF1EC,0xFFEEF1EC,0xFFEEF1EC,0xFFEEF1EC,0xFFEEF1EC,0xFFEEF1EC,0xFFEEF1EC,0xFFEEF1EC,0xFFEEF1EC,0xFFEEF1EC,0xFFEEF1EC,
  0xFFEEF1EC,0xFFEEF1EC,0xFFEEF1EC,0xFFEEF1EC,0xFFEEF1EC,0xFFEEF1EC,0xFFEEF1EC,0xFFEEF1EC,0xFFEEF1EC,0xFFEEF1EC,0xFFEEF1EC,0xFFEEF1EC,
  0xFFEEF1EC,0xFFEEF1EC,0xFFEEF1EC,0xFFEEF1EC,0xFFEEF1EC,0xFFEEF1EC,0xFFEEF1EC,0xFFEEF1EC,0xFFEEF1EC,0xFFEEF1EC,0xFFEEF1EC,0xFFEEF1EC,
  0xFFEEF1EC,0xFFEEF1EC,0xFFEEF1EC,0xFFEEF1EC,0xFFEEF1EC,0xFFEEF1EC,0xFFEEF1EC,0xFFEEF1EC,0xFFEEF1EC,0xFFEEF1EC,0xFFEEF1EC,0xFFEEF1EC,
  0xFFEEF1EC,0xFFEEF1EC,0xFFEEF1EC,0xFFEEF1EC,0xFFEEF1EC,0xFFEEF1EC,0xFFEEF1EC,0xFFEEF1EC,0xFFEEF1EC,0xFFEEF1EC,0xFFEEF1EC,0xFFEEF1EC,
  0xFFEEF1EC,0xFFEEF1EC,0xFFEEF1EC,0xFFEEF1EC,0xFFEEF1EC,0xFFEEF1EC,0xFFEEF1EC,0xFFEEF1EC,0xFFEEF1EC,0xFFEEF1EC,0xFFEEF1EC,0xFFEEF1EC,
  0xFFEEF1EC,0xFFEEF1EC,0xFFEEF1EC,0xFFEEF1EC,0xFFEEF1EC,0xFFEEF1EC,0xFFEEF1EC,0xFFEEF1EC,0xFFEEF1EC,0xFFEEF1EC,0xFFEEF1EC,0xFFEEF1EC,
  0xFFEEF1EC,0xFFEEF1EC,0xFFEEF1EC,0xFFEEF1EC,0xFFEEF1EC,0xFFEEF1EC,0xFFEEF1EC,0xFFEEF1EC,0xFFEEF1EC,0xFFEEF1EC,0xFFEEF1EC,0xFFEEF1EC,
  0xFFEEF1EC,0xFFEEF1EC,0xFFEEF1EC,0xFFEEF1EC,0xFFEEF1EC,0xFFEEF1EC,0xFFEEF1EC,0xFFEEF1EC,0xFFEEF1EC,0xFFEEF1EC,0xFFEEF1EC,0xFFEEF1EC,
  0xFFEEF1EC,0xFFEEF1EC,0xFFEEF1EC,0xFFEEF1EC,0xFFEEF1EC,0xFFEEF1EC,0xFFEEF1EC,0xFFEEF1EC,0xFFEEF1EC,0xFFEEF1EC,0xFFEEF1EC,0xFFEEF1EC,
  0xFFEEF1EC,0xFFEEF1EC,0xFFEEF1EC,0xFFEEF1EC,0xFFEEF1EC,0xFFEEF1EC,0xFFEEF1EC,0xFFEEF1EC,0xFFEEF1EC,0xFFEEF1EC,0xFFEEF1EC,0xFFEEF1EC,
  0xFFEEF1EC,0xFFEEF1EC,0xFFEEF1EC,0xFFEEF1EC,0xFFEEF1EC,0xFFEEF1EC,0xFFEEF1EC,0xFFEEF1EC,0xFFEEF1EC,0xFFEEF1EC,0xFFEEF1EC,0xFFEEF1EC,
  0xFFEEF1EC,0xFFEEF1EC,0xFFEEF1EC,0xFFEEF1EC,0xFFEEF1EC,0xFFEEF1EC,0xFFEEF1EC,0xFFEEF1EC,0xFFEEF1EC,0xFFEEF1EC,0xFFEEF1EC,0xFFEEF1EC,
  0xFFEEF1EC,0xFFEEF1EC,0xFFEEF1EC,0xFFEEF1EC,0xFFEEF1EC,0xFFEEF1EC,0xFFEEF1EC,0xFFEEF1EC,0xFFEEF1EC,0xFFEEF1EC,0xFFEEF1EC,0xFFEEF1EC,
  0xFFEEF1EC,0xFFEEF1EC,0xFFEEF1EC,0xFFEEF1EC,0xFFEEF1EC,0xFFEEF1EC,0xFFEEF1EC,0xFFEEF1EC,0xFFEEF1EC,0xFFEEF1EC,0xFFEEF1EC,0xFFEEF1EC,
  0xFFEEF1EC,0xFFEEF1EC,0xFFEEF1EC,0xFFEEF1EC,0xFFEEF1EC,0xFFEEF1EC,0xFFEEF1EC,0xFFEEF1EC,0xFFEEF1EC,0xFFEEF1EC,0xFFEEF1EC,0xFFEEF1EC,
  0xFFEEF1EC,0xFFEEF1EC,0xFFEEF1EC,0xFFEEF1EC,0xFFEEF1EC,0xFFEEF1EC,0xFFEEF1EC,0xFFEEF1EC,0xFFEEF1EC,0xFFEEF1EC,0xFFEEF1EC,0xFFEEF1EC,
  0xFFEEF1EC,0xFFEEF1EC,0xFFEEF1EC,0xFFEEF1EC,0xFFEEF1EC,0xFFEEF1EC,0xFFEEF1EC,0xFFEEF1EC,0xFFEEF1EC,0xFFEEF1EC,0xFFEEF1EC,0xFFEEF1EC,
  0xFFEEF1EC,0xFFEEF1EC,0xFFEEF1EC,0xFFEEF1EC,0xFFEEF1EC,0xFFEEF1EC,0xFFEEF1EC,0xFFEEF1EC,0xFFEEF1EC,0xFFEEF1EC,0xFFEEF1EC,0xFFEEF1EC,
  0xFFEEF1EC,0xFFEEF1EC,0xFFEEF1EC,0xFFEEF1EC,0xFFEEF1EC,0xFFEEF1EC,0xFFEEF1EC,0xFFEEF1EC,0xFFEEF1EC,0xFFEEF1EC,0xFFEEF1EC,0xFFEEF1EC,
  0xFFEEF1EC,0xFFEEF1EC,0xFFEEF1EC,0xFFEEF1EC,0xFFEEF1EC,0xFFEEF1EC,0xFFEEF1EC,0xFFEEF1EC,0xFFEEF1EC,0xFFEEF1EC,0xFFEEF1EC,0xFFEEF1EC,
  0xFFEEF1EC,0xFFEEF1EC,0xFFEEF1EC,0xFFEEF1EC,0xFFEEF1EC,0xFFEEF1EC,0xFFEEF1EC,0xFFEEF1EC,0xFFEEF1EC,0xFFEEF1EC,0xFFEEF1EC,0xFFEEF1EC,
  0xFFEEF1EC,0xFFEEF1EC,0xFFEEF1EC,0xFFEEF1EC,0xFFEEF1EC,0xFFEEF1EC,0xFFEEF1EC,0xFFEEF1EC,0xFFEEF1EC,0xFFEEF1EC,0xFFEEF1EC,0xFFEEF1EC,
  0xFFEEF1EC,0xFFEEF1EC,0xFFEEF1EC,0xFFEEF1EC,0xFFEEF1EC,0xFFEEF1EC,0xFFEEF1EC,0xFFEEF1EC,0xFFEEF1EC,0xFFEEF1EC,0xFFEEF1EC,0xFFEEF1EC,
  0xFFEEF1EC,0xFFEEF1EC,0xFFEEF1EC,0xFFEEF1EC,0xFFEEF1EC,0xFFEEF1EC,0xFFEEF1EC,0xFFEEF1EC,0xFFEEF1EC,0xFFEEF1EC,0xFFEEF1EC,0xFFEEF1EC,
  0xFFEEF1EC,0xFFEEF1EC,0xFFEEF1EC,0xFFEEF1EC,0xFFEEF1EC,0xFFEEF1EC,0xFFEEF1EC,0xFFEEF1EC,0xFFEEF1EC,0xFFEEF1EC,0xFFEEF1EC,0xFFEEF1EC,
  0xFFEEF1EC,0xFFEEF1EC,0xFFEEF1EC,0xFFEEF1EC,0xFFEEF1EC,0xFFEEF1EC,0xFFEEF1EC,0xFFEEF1EC,0xFFEEF1EC,0xFFEEF1EC,0xFFEEF1EC,0xFFEEF1EC,
  0xFFEEF1EC,0xFFEEF1EC,0xFFEEF1EC,0xFFEEF1EC,0xFFEEF1EC,0xFFEEF1EC,0xFFEEF1EC,0xFFEEF1EC,0xFFEEF1EC,0xFFEEF1EC,0xFFEEF1EC,0xFFEEF1EC,
  0xFFEEF1EC,0xFFEEF1EC,0xFFEEF1EC,0xFFEEF1EC,0xFFEEF1EC,0xFFEEF1EC,0xFFEEF1EC,0xFFEEF1EC,0xFFEEF1EC,0xFFEEF1EC,0xFFEEF1EC,0xFFEEF1EC,
  0xFFEEF1EC,0xFFEEF1EC,0xFFEEF1EC,0xFFEEF1EC,0xFFEEF1EC,0xFFEEF1EC,0xFFEEF1EC,0xFFEEF1EC,0xFFEEF1EC,0xFFEEF1EC,0xFFEEF1EC,0xFFEEF1EC,
  0xFFEEF1EC,0xFFEEF1EC,0xFFEEF1EC,0xFFEEF1EC,0xFFEEF1EC,0xFFEEF1EC,0xFFEEF1EC,0xFFEEF1EC,0xFFEEF1EC,0xFFEEF1EC,0xFFEEF1EC,0xFFEEF1EC,
  0xFFEEF1EC,0xFFEEF1EC,0xFFEEF1EC,0xFFEEF1EC,0xFFEEF1EC,0xFFEEF1EC,0xFFEEF1EC,0xFFEEF1EC,0xFFEEF1EC,0xFFEEF1EC,0xFFEEF1EC,0xFFEEF1EC,
  0xFFEEF1EC,0xFFEEF1EC,0xFFEEF1EC,0xFFEEF1EC,0xFFEEF1EC,0xFFEEF1EC,0xFFEEF1EC,0xFFEEF1EC,0xFFEEF1EC,0xFFEEF1EC,0xFFEEF1EC,0xFFEEF1EC,
  0xFFEEF1EC,0xFFEEF1EC,0xFFEEF1EC,0xFFEEF1EC,0xFFEEF1EC,0xFFEEF1EC,0xFFEEF1EC,0xFFEEF1EC,0xFFEEF1EC,0xFFEEF1EC,0xFFEEF1EC,0xFFEEF1EC,
  0xFFEEF1EC,0xFFEEF1EC,0xFFEEF1EC,0xFFEEF1EC,0xFFEEF1EC,0xFFEEF1EC,0xFFEEF1EC,0xFFEEF1EC,0xFFEEF1EC,0xFFEEF1EC,0xFFEEF1EC,0xFFEEF1EC,
  0xFFEEF1EC,0xFFEEF1EC,0xFFEEF1EC,0xFFEEF1EC,0xFFEEF1EC,0xFFEEF1EC,0xFFEEF1EC,0xFFEEF1EC,0xFFEEF1EC,0xFFEEF1EC,0xFFEEF1EC,0xFFEEF1EC,
  0xFFEEF1EC,0xFFEEF1EC,0xFFEEF1EC,0xFFEEF1EC,0xFFEEF1EC,0xFFEEF1EC,0xFFEEF1EC,0xFFEEF1EC,0xFFEEF1EC,0xFFEEF1EC,0xFFEEF1EC,0xFFEEF1EC,
  0xFFEEF1EC,0xFFEEF1EC,0xFFEEF1EC,0xFFEEF1EC,0xFFEEF1EC,0xFFEEF1EC,0xFFEEF1EC,0xFFEEF1EC,0xFFEEF1EC,0xFFEEF1EC,0xFFEEF1EC,0xFFEEF1EC,
  0xFFEEF1EC,0xFFEEF1EC,0xFFEEF1EC,0xFFEEF1EC,0xFFEEF1EC,0xFFEEF1EC,0xFFEEF1EC,0xFFEEF1EC,0xFFEEF1EC,0xFFEEF1EC,0xFFEEF1EC,0xFFEEF1EC,
  0xFFEEF1EC,0xFFEEF1EC,0xFFEEF1EC,0xFFEEF1EC,0xFFEEF1EC,0xFFEEF1EC,0xFFEEF1EC,0xFFEEF1EC,0xFFEEF1EC,0xFFEEF1EC,0xFFEEF1EC,0xFFEEF1EC,
  0xFFEEF1EC,0xFFEEF1EC,0xFFEEF1EC,0xFFEEF1EC,0xFFEEF1EC,0xFFEEF1EC,0xFFEEF1EC,0xFFEEF1EC,0xFFEEF1EC,0xFFEEF1EC,0xFFEEF1EC,0xFFEEF1EC,
  0xFFEEF1EC,0xFFEEF1EC,0xFFEEF1EC,0xFFEEF1EC,0xFFEEF1EC,0xFFEEF1EC,0xFFEEF1EC,0xFFEEF1EC,0xFFEEF1EC,0xFFEEF1EC,0xFFEEF1EC,0xFFEEF1EC,
  0xFFEEF1EC,0xFFEEF1EC,0xFFEEF1EC,0xFFEEF1EC,0xFFEEF1EC,0xFFEEF1EC,0xFFEEF1EC,0xFFEEF1EC,0xFFEEF1EC,0xFFEEF1EC,0xFFEEF1EC,0xFFEEF1EC,
  0xFFEEF1EC,0xFFEEF1EC,0xFFEEF1EC,0xFFEEF1EC,0xFFEEF1EC,0xFFEEF1EC,0xFFEEF1EC,0xFFEEF1EC,0xFFEEF1EC,0xFFEEF1EC,0xFFEEF1EC,0xFFEEF1EC,
  0xFFEEF1EC,0xFFEEF1EC,0xFFEEF1EC,0xFFEEF1EC,0xFFEEF1EC,0xFFEEF1EC,0xFFEEF1EC,0xFFEEF1EC,0xFFEEF1EC,0xFFEEF1EC,0xFFEEF1EC,0xFFEEF1EC,
  0xFFEEF1EC,0xFFEEF1EC,0xFFEEF1EC,0xFFEEF1EC,0xFFEEF1EC,0xFFEEF1EC,0xFFEEF1EC,0xFFEEF1EC,0xFFEEF1EC,0xFFEEF1EC,0xFFEEF1EC,0xFFEEF1EC,
  0xFFEEF1EC,0xFFEEF1EC,0xFFEEF1EC,0xFFEEF1EC,0xFFEEF1EC,0xFFEEF1EC,0xFFEEF1EC,0xFFEEF1EC,0xFFEEF1EC,0xFFEEF1EC,0xFFEEF1EC,0xFFEEF1EC,
  0xFFEEF1EC,0xFFEEF1EC,0xFFEEF1EC,0xFFEEF1EC,0xFFEEF1EC,0xFFEEF1EC,0xFFEEF1EC,0xFFEEF1EC,0xFFEEF1EC,0xFFEEF1EC,0xFFEEF1EC,0xFFEEF1EC,
  0xFFEEF1EC,0xFFEEF1EC,0xFFEEF1EC,0xFFEEF1EC,0xFFEEF1EC,0xFFEEF1EC,0xFFEEF1EC,0xFFEEF1EC,0xFFEEF1EC,0xFFEEF1EC,0xFFEEF1EC,0xFFEEF1EC,
  0xFFEEF1EC,0xFFEEF1EC,0xFFEEF1EC,0xFFEEF1EC,0xFFEEF1EC,0xFFEEF1EC,0xFFEEF1EC,0xFFEEF1EC,0xFFEEF1EC,0xFFEEF1EC,0xFFEEF1EC,0xFFEEF1EC,
  0xFFEEF1EC,0xFFEEF1EC,0xFFEEF1EC,0xFFEEF1EC,0xFFEEF1EC,0xFFEEF1EC,0xFFEEF1EC,0xFFEEF1EC,0xFFEEF1EC,0xFFEEF1EC,0xFFEEF1EC,0xFFEEF1EC,
  0xFFEEF1EC,0xFFEEF1EC,0xFFEEF1EC,0xFFEEF1EC,0xFFEEF1EC,0xFFEEF1EC,0xFFEEF1EC,0xFFEEF1EC,0xFFEEF1EC,0xFFEEF1EC,0xFFEEF1EC,0xFFEEF1EC,
  0xFFEEF1EC,0xFFEEF1EC,0xFFEEF1EC,0xFFEEF1EC,0xFFEEF1EC,0xFFEEF1EC,0xFFEEF1EC,0xFFEEF1EC,0xFFEEF1EC,0xFFEEF1EC,0xFFEEF1EC,0xFFEEF1EC,
  0xFFEEF1EC,0xFFEEF1EC,0xFFEEF1EC,0xFFEEF1EC,0xFFEEF1EC,0xFFEEF1EC,0xFFEEF1EC,0xFFEEF1EC,0xFFEEF1EC,0xFFEEF1EC,0xFFEEF1EC,0xFFEEF1EC,
  0xFFEEF1EC,0xFFEEF1EC,0xFFEEF1EC,0xFFEEF1EC,0xFFEEF1EC,0xFFEEF1EC,0xFFEEF1EC,0xFFEEF1EC,0xFFEEF1EC,0xFFEEF1EC,0xFFEEF1EC,0xFFEEF1EC,
  0xFFEEF1EC,0xFFEEF1EC,0xFFEEF1EC,0xFFEEF1EC,0xFFEEF1EC,0xFFEEF1EC,0xFFEEF1EC,0xFFEEF1EC,0xFFEEF1EC,0xFFEEF1EC,0xFFEEF1EC,0xFFEEF1EC,
  0xFFEEF1EC,0xFFEEF1EC,0xFFEEF1EC,0xFFEEF1EC,0xFFEEF1EC,0xFFEEF1EC,0xFFEEF1EC,0xFFEEF1EC,0xFFEEF1EC,0xFFEEF1EC,0xFFEEF1EC,0xFFEEF1EC,
  0xFFEEF1EC,0xFFEEF1EC,0xFFEEF1EC,0xFFEEF1EC,0xFFEEF1EC,0xFFEEF1EC,0xFFEEF1EC,0xFFEEF1EC,0xFFEEF1EC,0xFFEEF1EC,0xFFEEF1EC,0xFFEEF1EC,
  0xFFEEF1EC,0xFFEEF1EC,0xFFEEF1EC,0xFFEEF1EC,0xFFEEF1EC,0xFFEEF1EC,0xFFEEF1EC,0xFFEEF1EC,0xFFEEF1EC,0xFFEEF1EC,0xFFEEF1EC,0xFFEEF1EC,
  0xFFEEF1EC,0xFFEEF1EC,0xFFEEF1EC,0xFFEEF1EC,0xFFEEF1EC,0xFFEEF1EC,0xFFEEF1EC,0xFFEEF1EC,0xFFEEF1EC,0xFFEEF1EC,0xFFEEF1EC,0xFFEEF1EC,
  0xFFEEF1EC,0xFFEEF1EC,0xFFEEF1EC,0xFFEEF1EC,0xFFEEF1EC,0xFFEEF1EC,0xFFEEF1EC,0xFFEEF1EC,0xFFEEF1EC,0xFFEEF1EC,0xFFEEF1EC,0xFFEEF1EC,
  0xFFEEF1EC,0xFFEEF1EC,0xFFEEF1EC,0xFFEEF1EC,0xFFEEF1EC,0xFFEEF1EC,0xFFEEF1EC,0xFFEEF1EC,0xFFEEF1EC,0xFFEEF1EC,0xFFEEF1EC,0xFFEEF1EC,
  0xFFEEF1EC,0xFFEEF1EC,0xFFEEF1EC,0xFFEEF1EC,0xFFEEF1EC,0xFFEEF1EC,0xFFEEF1EC,0xFFEEF1EC,0xFFEEF1EC,0xFFEEF1EC,0xFFEEF1EC,0xFFEEF1EC,
  0xFFEEF1EC,0xFFEEF1EC,0xFFEEF1EC,0xFFEEF1EC,0xFFEEF1EC,0xFFEEF1EC,0xFFEEF1EC,0xFFEEF1EC,0xFFEEF1EC,0xFFEEF1EC,0xFFEEF1EC,0xFFEEF1EC,
  0xFFEEF1EC,0xFFEEF1EC,0xFFEEF1EC,0xFFEEF1EC,0xFFEEF1EC,0xFFEEF1EC,0xFFEEF1EC,0xFFEEF1EC,0xFFEEF1EC,0xFFEEF1EC,0xFFEEF1EC,0xFFEEF1EC,
  0xFFEEF1EC,0xFFEEF1EC,0xFFEEF1EC,0xFFEEF1EC,0xFFEEF1EC,0xFFEEF1EC,0xFFEEF1EC,0xFFEEF1EC,0xFFEEF1EC,0xFFEEF1EC,0xFFEEF1EC,0xFFEEF1EC,
  0xFFEEF1EC,0xFFEEF1EC,0xFFEEF1EC,0xFFEEF1EC,0xFFEEF1EC,0xFFEEF1EC,0xFFEEF1EC,0xFFEEF1EC,0xFFEEF1EC,0xFFEEF1EC,0xFFEEF1EC,0xFFEEF1EC,
  0xFFEEF1EC,0xFFEEF1EC,0xFFEEF1EC,0xFFEEF1EC,0xFFEEF1EC,0xFFEEF1EC,0xFFEEF1EC,0xFFEEF1EC,0xFFEEF1EC,0xFFEEF1EC,0xFFEEF1EC,0xFFEEF1EC,
  0xFFEEF1EC,0xFFEEF1EC,0xFFEEF1EC,0xFFEEF1EC,0xFFEEF1EC,0xFFEEF1EC,0xFFEEF1EC,0xFFEEF1EC,0xFFEEF1EC,0xFFEEF1EC,0xFFEEF1EC,0xFFEEF1EC,
  0xFFEEF1EC,0xFFEEF1EC,0xFFEEF1EC,0xFFEEF1EC,0xFFEEF1EC,0xFFEEF1EC,0xFFEEF1EC,0xFFEEF1EC,0xFFEEF1EC,0xFFEEF1EC,0xFFEEF1EC,0xFFEEF1EC,
  0xFFEEF1EC,0xFFEEF1EC,0xFFEEF1EC,0xFFEEF1EC,0xFFEEF1EC,0xFFEEF1EC,0xFFEEF1EC,0xFFEEF1EC,0xFFEEF1EC,0xFFEEF1EC,0xFFEEF1EC,0xFFEEF1EC,
  0xFFEEF1EC,0xFFEEF1EC,0xFFEEF1EC,0xFFEEF1EC,0xFFEEF1EC,0xFFEEF1EC,0xFFEEF1EC,0xFFEEF1EC,0xFFEEF1EC,0xFFEEF1EC,0xFFEEF1EC,0xFFEEF1EC,
  0xFFEEF1EC,0xFFEEF1EC,0xFFEEF1EC,0xFFEEF1EC,0xFFEEF1EC,0xFFEEF1EC,0xFFEEF1EC,0xFFEEF1EC,0xFFEEF1EC,0xFFEEF1EC,0xFFEEF1EC,0xFFEEF1EC,
  0xFFEEF1EC,0xFFEEF1EC,0xFFEEF1EC,0xFFEEF1EC,0xFFEEF1EC,0xFFEEF1EC,0xFFEEF1EC,0xFFEEF1EC,0xFFEEF1EC,0xFFEEF1EC,0xFFEEF1EC,0xFFEEF1EC,
  0xFFEEF1EC,0xFFEEF1EC,0xFFEEF1EC,0xFFEEF1EC,0xFFEEF1EC,0xFFEEF1EC,0xFFEEF1EC,0xFFEEF1EC,0xFFEEF1EC,0xFFEEF1EC,0xFFEEF1EC,0xFFEEF1EC,
  0xFFEEF1EC,0xFFEEF1EC,0xFFEEF1EC,0xFFEEF1EC,0xFFEEF1EC,0xFFEEF1EC,0xFFEEF1EC,0xFFEEF1EC,0xFFEEF1EC,0xFFEEF1EC,0xFFEEF1EC,0xFFEEF1EC,
  0xFFEEF1EC,0xFFEEF1EC,0xFFEEF1EC,0xFFEEF1EC,0xFFEEF1EC,0xFFEEF1EC,0xFFEEF1EC,0xFFEEF1EC,0xFFEEF1EC,0xFFEEF1EC,0xFFEEF1EC,0xFFEEF1EC,
  0xFFEEF1EC,0xFFEEF1EC,0xFFEEF1EC,0xFFEEF1EC,0xFFEEF1EC,0xFFEEF1EC,0xFFEEF1EC,0xFFEEF1EC,0xFFEEF1EC,0xFFEEF1EC,0xFFEEF1EC,0xFFEEF1EC,
  0xFFEEF1EC,0xFFEEF1EC,0xFFEEF1EC,0xFFEEF1EC,0xFFEEF1EC,0xFFEEF1EC,0xFFEEF1EC,0xFFEEF1EC,0xFFEEF1EC,0xFFEEF1EC,0xFFEEF1EC,0xFFEEF1EC,
  0xFFEEF1EC,0xFFEEF1EC,0xFFEEF1EC,0xFFEEF1EC,0xFFEEF1EC,0xFFEEF1EC,0xFFEEF1EC,0xFFEEF1EC,0xFFEEF1EC,0xFFEEF1EC,0xFFEEF1EC,0xFFEEF1EC,
  0xFFEEF1EC,0xFFEEF1EC,0xFFEEF1EC,0xFFEEF1EC,0xFFEEF1EC,0xFFEEF1EC,0xFFEEF1EC,0xFFEEF1EC,0xFFEEF1EC,0xFFEEF1EC,0xFFEEF1EC,0xFFEEF1EC,
  0xFFEEF1EC,0xFFEEF1EC,0xFFEEF1EC,0xFFEEF1EC,0xFFEEF1EC,0xFFEEF1EC,0xFFEEF1EC,0xFFEEF1EC,0xFFEEF1EC,0xFFEEF1EC,0xFFEEF1EC,0xFFEEF1EC,
  0xFFEEF1EC,0xFFEEF1EC,0xFFEEF1EC,0xFFEEF1EC,0xFFEEF1EC,0xFFEEF1EC,0xFFEEF1EC,0xFFEEF1EC,0xFFEEF1EC,0xFFEEF1EC,0xFFEEF1EC,0xFFEEF1EC,
  0xFFEEF1EC,0xFFEEF1EC,0xFFEEF1EC,0xFFEEF1EC,0xFFEEF1EC,0xFFEEF1EC,0xFFEEF1EC,0xFFEEF1EC,0xFFEEF1EC,0xFFEEF1EC,0xFFEEF1EC,0xFFEEF1EC,
  0xFFEEF1EC,0xFFEEF1EC,0xFFEEF1EC,0xFFEEF1EC,0xFFEEF1EC,0xFFEEF1EC,0xFFEEF1EC,0xFFEEF1EC,0xFFEEF1EC,0xFFEEF1EC,0xFFEEF1EC,0xFFEEF1EC,
  0xFFEEF1EC,0xFFEEF1EC,0xFFEEF1EC,0xFFEEF1EC,0xFFEEF1EC,0xFFEEF1EC,0xFFEEF1EC,0xFFEEF1EC,0xFFEEF1EC,0xFFEEF1EC,0xFFEEF1EC,0xFFEEF1EC,
  0xFFEEF1EC,0xFFEEF1EC,0xFFEEF1EC,0xFFEEF1EC,0xFFEEF1EC,0xFFEEF1EC,0xFFEEF1EC,0xFFEEF1EC,0xFFEEF1EC,0xFFEEF1EC,0xFFEEF1EC,0xFFEEF1EC,
  0xFFEEF1EC,0xFFEEF1EC,0xFFEEF1EC,0xFFEEF1EC,0xFFEEF1EC,0xFFEEF1EC,0xFFEEF1EC,0xFFEEF1EC,0xFFEEF1EC,0xFFEEF1EC,0xFFEEF1EC,0xFFEEF1EC,
  0xFFEEF1EC,0xFFEEF1EC,0xFFEEF1EC,0xFFEEF1EC,0xFFEEF1EC,0xFFEEF1EC,0xFFEEF1EC,0xFFEEF1EC,0xFFEEF1EC,0xFFEEF1EC,0xFFEEF1EC,0xFFEEF1EC,
  0xFFEEF1EC,0xFFEEF1EC,0xFFEEF1EC,0xFFEEF1EC,0xFFEEF1EC,0xFFEEF1EC,0xFFEEF1EC,0xFFEEF1EC,0xFFEEF1EC,0xFFEEF1EC,0xFFEEF1EC,0xFFEEF1EC,
  0xFFEEF1EC,0xFFEEF1EC,0xFFEEF1EC,0xFFEEF1EC,0xFFEEF1EC,0xFFEEF1EC,0xFFEEF1EC,0xFFEEF1EC,0xFFEEF1EC,0xFFEEF1EC,0xFFEEF1EC,0xFFEEF1EC,
  0xFFEEF1EC,0xFFEEF1EC,0xFFEEF1EC,0xFFEEF1EC,0xFFEEF1EC,0xFFEEF1EC,0xFFEEF1EC,0xFFEEF1EC,0xFFEEF1EC,0xFFEEF1EC,0xFFEEF1EC,0xFFEEF1EC,
  0xFFEEF1EC,0xFFEEF1EC,0xFFEEF1EC,0xFFEEF1EC,0xFFEEF1EC,0xFFEEF1EC,0xFFEEF1EC,0xFFEEF1EC,0xFFEEF1EC,0xFFEEF1EC,0xFFEEF1EC,0xFFEEF1EC,
  0xFFEEF1EC,0xFFEEF1EC,0xFFEEF1EC,0xFFEEF1EC,0xFFEEF1EC,0xFFEEF1EC,0xFFEEF1EC,0xFFEEF1EC,0xFFEEF1EC,0xFFEEF1EC,0xFFEEF1EC,0xFFEEF1EC,
  0xFFEEF1EC,0xFFEEF1EC,0xFFEEF1EC,0xFFEEF1EC,0xFFEEF1EC,0xFFEEF1EC,0xFFEEF1EC,0xFFEEF1EC,0xFFEEF1EC,0xFFEEF1EC,0xFFEEF1EC,0xFFEEF1EC,
  0xFFEEF1EC,0xFFEEF1EC,0xFFEEF1EC,0xFFEEF1EC,0xFFEEF1EC,0xFFEEF1EC,0xFFEEF1EC,0xFFEEF1EC,0xFFEEF1EC,0xFFEEF1EC,0xFFEEF1EC,0xFFEEF1EC,
  0xFFEEF1EC,0xFFEEF1EC,0xFFEEF1EC,0xFFEEF1EC,0xFFEEF1EC,0xFFEEF1EC,0xFFEEF1EC,0xFFEEF1EC,0xFFEEF1EC,0xFFEEF1EC,0xFFEEF1EC,0xFFEEF1EC,
  0xFFEEF1EC,0xFFEEF1EC,0xFFEEF1EC,0xFFEEF1EC,0xFFEEF1EC,0xFFEEF1EC,0xFFEEF1EC,0xFFEEF1EC,0xFFEEF1EC,0xFFEEF1EC,0xFFEEF1EC,0xFFEEF1EC,
  0xFFEEF1EC,0xFFEEF1EC,0xFFEEF1EC,0xFFEEF1EC,0xFFEEF1EC,0xFFEEF1EC,0xFFEEF1EC,0xFFEEF1EC,0xFFEEF1EC,0xFFEEF1EC,0xFFEEF1EC,0xFFEEF1EC,
  0xFFEEF1EC,0xFFEEF1EC,0xFFEEF1EC,0xFFEEF1EC,0xFFEEF1EC,0xFFEEF1EC,0xFFEEF1EC,0xFFEEF1EC,0xFFEEF1EC,0xFFEEF1EC,0xFFEEF1EC,0xFFEEF1EC,
  0xFFEEF1EC,0xFFEEF1EC,0xFFEEF1EC,0xFFEEF1EC,0xFFEEF1EC,0xFFEEF1EC,0xFFEEF1EC,0xFFEEF1EC,0xFFEEF1EC,0xFFEEF1EC,0xFFEEF1EC,0xFFEEF1EC,
  0xFFEEF1EC,0xFFEEF1EC,0xFFEEF1EC,0xFFEEF1EC,0xFFEEF1EC,0xFFEEF1EC,0xFFEEF1EC,0xFFEEF1EC,0xFFEEF1EC,0xFFEEF1EC,0xFFEEF1EC,0xFFEEF1EC,
  0xFFEEF1EC,0xFFEEF1EC,0xFFEEF1EC,0xFFEEF1EC,0xFFEEF1EC,0xFFEEF1EC,0xFFEEF1EC,0xFFEEF1EC,0xFFEEF1EC,0xFFEEF1EC,0xFFEEF1EC,0xFFEEF1EC,
  0xFFEEF1EC,0xFFEEF1EC,0xFFEEF1EC,0xFFEEF1EC,0xFFEEF1EC,0xFFEEF1EC,0xFFEEF1EC,0xFFEEF1EC,0xFFEEF1EC,0xFFEEF1EC,0xFFEEF1EC,0xFFEEF1EC,
  0xFFEEF1EC,0xFFEEF1EC,0xFFEEF1EC,0xFFEEF1EC,0xFFEEF1EC,0xFFEEF1EC,0xFFEEF1EC,0xFFEEF1EC,0xFFEEF1EC,0xFFEEF1EC,0xFFEEF1EC,0xFFEEF1EC,
  0xFFEEF1EC,0xFFEEF1EC,0xFFEEF1EC,0xFFEEF1EC,0xFFEEF1EC,0xFFEEF1EC,0xFFEEF1EC,0xFFEEF1EC,0xFFEEF1EC,0xFFEEF1EC,0xFFEEF1EC,0xFFEEF1EC,
  0xFFEEF1EC,0xFFEEF1EC,0xFFEEF1EC,0xFFEEF1EC,0xFFEEF1EC,0xFFEEF1EC,0xFFEEF1EC,0xFFEEF1EC,0xFFEEF1EC,0xFFEEF1EC,0xFFEEF1EC,0xFFEEF1EC,
  0xFFEEF1EC,0xFFEEF1EC,0xFFEEF1EC,0xFFEEF1EC,0xFFEEF1EC,0xFFEEF1EC,0xFFEEF1EC,0xFFEEF1EC,0xFFEEF1EC,0xFFEEF1EC,0xFFEEF1EC,0xFFEEF1EC,
  0xFFEEF1EC,0xFFEEF1EC,0xFFEEF1EC,0xFFEEF1EC,0xFFEEF1EC,0xFFEEF1EC,0xFFEEF1EC,0xFFEEF1EC,0xFFEEF1EC,0xFFEEF1EC,0xFFEEF1EC,0xFFEEF1EC,
  0xFFEEF1EC,0xFFEEF1EC,0xFFEEF1EC,0xFFEEF1EC,0xFFEEF1EC,0xFFEEF1EC,0xFFEEF1EC,0xFFEEF1EC,0xFFEEF1EC,0xFFEEF1EC,0xFFEEF1EC,0xFFEEF1EC,
  0xFFEEF1EC,0xFFEEF1EC,0xFFEEF1EC,0xFFEEF1EC,0xFFEEF1EC,0xFFEEF1EC,0xFFEEF1EC,0xFFEEF1EC,0xFFEEF1EC,0xFFEEF1EC,0xFFEEF1EC,0xFFEEF1EC,
  0xFFEEF1EC,0xFFEEF1EC,0xFFEEF1EC,0xFFEEF1EC,0xFFEEF1EC,0xFFEEF1EC,0xFFEEF1EC,0xFFEEF1EC,0xFFEEF1EC,0xFFEEF1EC,0xFFEEF1EC,0xFFEEF1EC,
  0xFFEEF1EC,0xFFEEF1EC,0xFFEEF1EC,0xFFEEF1EC,0xFFEEF1EC,0xFFEEF1EC,0xFFEEF1EC,0xFFEEF1EC,0xFFEEF1EC,0xFFEEF1EC,0xFFEEF1EC,0xFFEEF1EC,
  0xFFEEF1EC,0xFFEEF1EC,0xFFEEF1EC,0xFFEEF1EC,0xFFEEF1EC,0xFFEEF1EC,0xFFEEF1EC,0xFFEEF1EC,0xFFEEF1EC,0xFFEEF1EC,0xFFEEF1EC,0xFFEEF1EC,
  0xFFEEF1EC,0xFFEEF1EC,0xFFEEF1EC,0xFFEEF1EC,0xFFEEF1EC,0xFFEEF1EC,0xFFEEF1EC,0xFFEEF1EC,0xFFEEF1EC,0xFFEEF1EC,0xFFEEF1EC,0xFFEEF1EC,
  0xFFEEF1EC,0xFFEEF1EC,0xFFEEF1EC,0xFFEEF1EC,0xFFEEF1EC,0xFFEEF1EC,0xFFEEF1EC,0xFFEEF1EC,0xFFEEF1EC,0xFFEEF1EC,0xFFEEF1EC,0xFFEEF1EC,
  0xFFEEF1EC,0xFFEEF1EC,0xFFEEF1EC,0xFFEEF1EC,0xFFEEF1EC,0xFFEEF1EC,0xFFEEF1EC,0xFFEEF1EC,0xFFEEF1EC,0xFFEEF1EC,0xFFEEF1EC,0xFFEEF1EC,
  0xFFEEF1EC,0xFFEEF1EC,0xFFEEF1EC,0xFFEEF1EC,0xFFEEF1EC,0xFFEEF1EC,0xFFEEF1EC,0xFFEEF1EC,0xFFEEF1EC,0xFFEEF1EC,0xFFEEF1EC,0xFFEEF1EC,
  0xFFEEF1EC,0xFFEEF1EC,0xFFEEF1EC,0xFFEEF1EC,0xFFEEF1EC,0xFFEEF1EC,0xFFEEF1EC,0xFFEEF1EC,0xFFEEF1EC,0xFFEEF1EC,0xFFEEF1EC,0xFFEEF1EC,
  0xFFEEF1EC,0xFFEEF1EC,0xFFEEF1EC,0xFFEEF1EC,0xFFEEF1EC,0xFFEEF1EC,0xFFEEF1EC,0xFFEEF1EC,0xFFEEF1EC,0xFFEEF1EC,0xFFEEF1EC,0xFFEEF1EC,
  0xFFEEF1EC,0xFFEEF1EC,0xFFEEF1EC,0xFFEEF1EC,0xFFEEF1EC,0xFFEEF1EC,0xFFEEF1EC,0xFFEEF1EC,0xFFEEF1EC,0xFFEEF1EC,0xFFEEF1EC,0xFFEEF1EC,
  0xFFEEF1EC,0xFFEEF1EC,0xFFEEF1EC,0xFFEEF1EC,0xFFEEF1EC,0xFFEEF1EC,0xFFEEF1EC,0xFFEEF1EC,0xFFEEF1EC,0xFFEEF1EC,0xFFEEF1EC,0xFFEEF1EC,
  0xFFEEF1EC,0xFFEEF1EC,0xFFEEF1EC,0xFFEEF1EC,0xFFEEF1EC,0xFFEEF1EC,0xFFEEF1EC,0xFFEEF1EC,0xFFEEF1EC,0xFFEEF1EC,0xFFEEF1EC,0xFFEEF1EC,
  0xFFEEF1EC,0xFFEEF1EC,0xFFEEF1EC,0xFFEEF1EC,0xFFEEF1EC,0xFFEEF1EC,0xFFEEF1EC,0xFFEEF1EC,0xFFEEF1EC,0xFFEEF1EC,0xFFEEF1EC,0xFFEEF1EC,
  0xFFEEF1EC,0xFFEEF1EC,0xFFEEF1EC,0xFFEEF1EC,0xFFEEF1EC,0xFFEEF1EC,0xFFEEF1EC,0xFFEEF1EC,0xFFEEF1EC,0xFFEEF1EC,0xFFEEF1EC,0xFFEEF1EC,
  0xFFEEF1EC,0xFFEEF1EC,0xFFEEF1EC,0xFFEEF1EC,0xFFEEF1EC,0xFFEEF1EC,0xFFEEF1EC,0xFFEEF1EC,0xFFEEF1EC,0xFFEEF1EC,0xFFEEF1EC,0xFFEEF1EC,
  0xFFEEF1EC,0xFFEEF1EC,0xFFEEF1EC,0xFFEEF1EC,0xFFEEF1EC,0xFFEEF1EC,0xFFEEF1EC,0xFFEEF1EC,0xFFEEF1EC,0xFFEEF1EC,0xFFEEF1EC,0xFFEEF1EC,
  0xFFEEF1EC,0xFFEEF1EC,0xFFEEF1EC,0xFFEEF1EC,0xFFEEF1EC,0xFFEEF1EC,0xFFEEF1EC,0xFFEEF1EC,0xFFEEF1EC,0xFFEEF1EC,0xFFEEF1EC,0xFFEEF1EC,
  0xFFEEF1EC,0xFFEEF1EC,0xFFEEF1EC,0xFFEEF1EC,0xFFEEF1EC,0xFFEEF1EC,0xFFEEF1EC,0xFFEEF1EC,0xFFEEF1EC,0xFFEEF1EC,0xFFEEF1EC,0xFFEEF1EC,
  0xFFEEF1EC,0xFFEEF1EC,0xFFEEF1EC,0xFFEEF1EC,0xFFEEF1EC,0xFFEEF1EC,0xFFEEF1EC,0xFFEEF1EC,0xFFEEF1EC,0xFFEEF1EC,0xFFEEF1EC,0xFFEEF1EC,
  0xFFEEF1EC,0xFFEEF1EC,0xFFEEF1EC,0xFFEEF1EC,0xFFEEF1EC,0xFFEEF1EC,0xFFEEF1EC,0xFFEEF1EC,0xFFEEF1EC,0xFFEEF1EC,0xFFEEF1EC,0xFFEEF1EC,
  0xFFEEF1EC,0xFFEEF1EC,0xFFEEF1EC,0xFFEEF1EC,0xFFEEF1EC,0xFFEEF1EC,0xFFEEF1EC,0xFFEEF1EC,0xFFEEF1EC,0xFFEEF1EC,0xFFEEF1EC,0xFFEEF1EC,
  0xFFEEF1EC,0xFFEEF1EC,0xFFEEF1EC,0xFFEEF1EC,0xFFEEF1EC,0xFFEEF1EC,0xFFEEF1EC,0xFFEEF1EC,0xFFEEF1EC,0xFFEEF1EC,0xFFEEF1EC,0xFFEEF1EC,
  0xFFEEF1EC,0xFFEEF1EC,0xFFEEF1EC,0xFFEEF1EC,0xFFEEF1EC,0xFFEEF1EC,0xFFEEF1EC,0xFFEEF1EC,0xFFEEF1EC,0xFFEEF1EC,0xFFEEF1EC,0xFFEEF1EC,
  0xFFEEF1EC,0xFFEEF1EC,0xFFEEF1EC,0xFFEEF1EC,0xFFEEF1EC,0xFFEEF1EC,0xFFEEF1EC,0xFFEEF1EC,0xFFEEF1EC,0xFFEEF1EC,0xFFEEF1EC,0xFFEEF1EC,
  0xFFEEF1EC,0xFFEEF1EC,0xFFEEF1EC,0xFFEEF1EC,0xFFEEF1EC,0xFFEEF1EC,0xFFEEF1EC,0xFFEEF1EC,0xFFEEF1EC,0xFFEEF1EC,0xFFEEF1EC,0xFFEEF1EC,
  0xFFEEF1EC,0xFFEEF1EC,0xFFEEF1EC,0xFFEEF1EC,0xFFEEF1EC,0xFFEEF1EC,0xFFEEF1EC,0xFFEEF1EC,0xFFEEF1EC,0xFFEEF1EC,0xFFEEF1EC,0xFFEEF1EC,
  0xFFEEF1EC,0xFFEEF1EC,0xFFEEF1EC,0xFFEEF1EC,0xFFEEF1EC,0xFFEEF1EC,0xFFEEF1EC,0xFFEEF1EC,0xFFEEF1EC,0xFFEEF1EC,0xFFEEF1EC,0xFFEEF1EC,
  0xFFEEF1EC,0xFFEEF1EC,0xFFEEF1EC,0xFFEEF1EC,0xFFEEF1EC,0xFFEEF1EC,0xFFEEF1EC,0xFFEEF1EC,0xFFEEF1EC,0xFFEEF1EC,0xFFEEF1EC,0xFFEEF1EC,
  0xFFEEF1EC,0xFFEEF1EC,0xFFEEF1EC,0xFFEEF1EC,0xFFEEF1EC,0xFFEEF1EC,0xFFEEF1EC,0xFFEEF1EC,0xFFEEF1EC,0xFFEEF1EC,0xFFEEF1EC,0xFFEEF1EC,
  0xFFEEF1EC,0xFFEEF1EC,0xFFEEF1EC,0xFFEEF1EC,0xFFEEF1EC,0xFFEEF1EC,0xFFEEF1EC,0xFFEEF1EC,0xFFEEF1EC,0xFFEEF1EC,0xFFEEF1EC,0xFFEEF1EC,
  0xFFEEF1EC,0xFFEEF1EC,0xFFEEF1EC,0xFFEEF1EC,0xFFEEF1EC,0xFFEEF1EC,0xFFEEF1EC,0xFFEEF1EC,0xFFEEF1EC,0xFFEEF1EC,0xFFEEF1EC,0xFFEEF1EC,
  0xFFEEF1EC,0xFFEEF1EC,0xFFEEF1EC,0xFFEEF1EC,0xFFEEF1EC,0xFFEEF1EC,0xFFEEF1EC,0xFFEEF1EC,0xFFEEF1EC,0xFFEEF1EC,0xFFEEF1EC,0xFFEEF1EC,
  0xFFEEF1EC,0xFFEEF1EC,0xFFEEF1EC,0xFFEEF1EC,0xFFEEF1EC,0xFFEEF1EC,0xFFEEF1EC,0xFFEEF1EC,0xFFEEF1EC,0xFFEEF1EC,0xFFEEF1EC,0xFFEEF1EC,
  0xFFEEF1EC,0xFFEEF1EC,0xFFEEF1EC,0xFFEEF1EC,0xFFEEF1EC,0xFFEEF1EC,0xFFEEF1EC,0xFFEEF1EC,0xFFEEF1EC,0xFFEEF1EC,0xFFEEF1EC,0xFFEEF1EC,
  0xFFEEF1EC,0xFFEEF1EC,0xFFEEF1EC,0xFFEEF1EC,0xFFEEF1EC,0xFFEEF1EC,0xFFEEF1EC,0xFFEEF1EC,0xFFEEF1EC,0xFFEEF1EC,0xFFEEF1EC,0xFFEEF1EC,
  0xFFEEF1EC,0xFFEEF1EC,0xFFEEF1EC,0xFFEEF1EC,0xFFEEF1EC,0xFFEEF1EC,0xFFEEF1EC,0xFFEEF1EC,0xFFEEF1EC,0xFFEEF1EC,0xFFEEF1EC,0xFFEEF1EC,
  0xFFEEF1EC,0xFFEEF1EC,0xFFEEF1EC,0xFFEEF1EC,0xFFEEF1EC,0xFFEEF1EC,0xFFEEF1EC,0xFFEEF1EC,0xFFEEF1EC,0xFFEEF1EC,0xFFEEF1EC,0xFFEEF1EC,
  0xFFEEF1EC,0xFFEEF1EC,0xFFEEF1EC,0xFFEEF1EC,0xFFEEF1EC,0xFFEEF1EC,0xFFEEF1EC,0xFFEEF1EC,0xFFEEF1EC,0xFFEEF1EC,0xFFEEF1EC,0xFFEEF1EC,
  0xFFEEF1EC,0xFFEEF1EC,0xFFEEF1EC,0xFFEEF1EC,0xFFEEF1EC,0xFFEEF1EC,0xFFEEF1EC,0xFFEEF1EC,0xFFEEF1EC,0xFFEEF1EC,0xFFEEF1EC,0xFFEEF1EC,
  0xFFEEF1EC,0xFFEEF1EC,0xFFEEF1EC,0xFFEEF1EC,0xFFEEF1EC,0xFFEEF1EC,0xFFEEF1EC,0xFFEEF1EC,0xFFEEF1EC,0xFFEEF1EC,0xFFEEF1EC,0xFFEEF1EC,
  0xFFEEF1EC,0xFFEEF1EC,0xFFEEF1EC,0xFFEEF1EC,0xFFEEF1EC,0xFFEEF1EC,0xFFEEF1EC,0xFFEEF1EC,0xFFEEF1EC,0xFFEEF1EC,0xFFEEF1EC,0xFFEEF1EC,
  0xFFEEF1EC,0xFFEEF1EC,0xFFEEF1EC,0xFFEEF1EC,0xFFEEF1EC,0xFFEEF1EC,0xFFEEF1EC,0xFFEEF1EC,0xFFEEF1EC,0xFFEEF1EC,0xFFEEF1EC,0xFFEEF1EC,
  0xFFEEF1EC,0xFFEEF1EC,0xFFEEF1EC,0xFFEEF1EC,0xFFEEF1EC,0xFFEEF1EC,0xFFEEF1EC,0xFFEEF1EC,0xFFEEF1EC,0xFFEEF1EC,0xFFEEF1EC,0xFFEEF1EC,
  0xFFEEF1EC,0xFFEEF1EC,0xFFEEF1EC,0xFFEEF1EC,0xFFEEF1EC,0xFFEEF1EC,0xFFEEF1EC,0xFFEEF1EC,0xFFEEF1EC,0xFFEEF1EC,0xFFEEF1EC,0xFFEEF1EC,
  0xFFEEF1EC,0xFFEEF1EC,0xFFEEF1EC,0xFFEEF1EC,0xFFEEF1EC,0xFFEEF1EC,0xFFEEF1EC,0xFFEEF1EC,0xFFEEF1EC,0xFFEEF1EC,0xFFEEF1EC,0xFFEEF1EC,
  0xFFEEF1EC,0xFFEEF1EC,0xFFEEF1EC,0xFFEEF1EC,0xFFEEF1EC,0xFFEEF1EC,0xFFEEF1EC,0xFFEEF1EC,0xFFEEF1EC,0xFFEEF1EC,0xFFEEF1EC,0xFFEEF1EC,
  0xFFEEF1EC,0xFFEEF1EC,0xFFEEF1EC,0xFFEEF1EC,0xFFEEF1EC,0xFFEEF1EC,0xFFEEF1EC,0xFFEEF1EC,0xFFEEF1EC,0xFFEEF1EC,0xFFEEF1EC,0xFFEEF1EC,
  0xFFEEF1EC,0xFFEEF1EC,0xFFEEF1EC,0xFFEEF1EC,0xFFEEF1EC,0xFFEEF1EC,0xFFEEF1EC,0xFFEEF1EC,0xFFEEF1EC,0xFFEEF1EC,0xFFEEF1EC,0xFFEEF1EC,
  0xFFEEF1EC,0xFFEEF1EC,0xFFEEF1EC,0xFFEEF1EC,0xFFEEF1EC,0xFFEEF1EC,0xFFEEF1EC,0xFFEEF1EC,0xFFEEF1EC,0xFFEEF1EC,0xFFEEF1EC,0xFFEEF1EC,
  0xFFEEF1EC,0xFFEEF1EC,0xFFEEF1EC,0xFFEEF1EC,0xFFEEF1EC,0xFFEEF1EC,0xFFEEF1EC,0xFFEEF1EC,0xFFEEF1EC,0xFFEEF1EC,0xFFEEF1EC,0xFFEEF1EC,
  0xFFEEF1EC,0xFFEEF1EC,0xFFEEF1EC,0xFFEEF1EC,0xFFEEF1EC,0xFFEEF1EC,0xFFEEF1EC,0xFFEEF1EC,0xFFEEF1EC,0xFFEEF1EC,0xFFEEF1EC,0xFFEEF1EC,
  0xFFEEF1EC,0xFFEEF1EC,0xFFEEF1EC,0xFFEEF1EC,0xFFEEF1EC,0xFFEEF1EC,0xFFEEF1EC,0xFFEEF1EC,0xFFEEF1EC,0xFFEEF1EC,0xFFEEF1EC,0xFFEEF1EC,
  0xFFEEF1EC,0xFFEEF1EC,0xFFEEF1EC,0xFFEEF1EC,0xFFEEF1EC,0xFFEEF1EC,0xFFEEF1EC,0xFFEEF1EC,0xFFEEF1EC,0xFFEEF1EC,0xFFEEF1EC,0xFFEEF1EC,
  0xFFEEF1EC,0xFFEEF1EC,0xFFEEF1EC,0xFFEEF1EC,0xFFEEF1EC,0xFFEEF1EC,0xFFEEF1EC,0xFFEEF1EC,0xFFEEF1EC,0xFFEEF1EC,0xFFEEF1EC,0xFFEEF1EC,
  0xFFEEF1EC,0xFFEEF1EC,0xFFEEF1EC,0xFFEEF1EC,0xFFEEF1EC,0xFFEEF1EC,0xFFEEF1EC,0xFFEEF1EC,0xFFEEF1EC,0xFFEEF1EC,0xFFEEF1EC,0xFFEEF1EC,
  0xFFEEF1EC,0xFFEEF1EC,0xFFEEF1EC,0xFFEEF1EC,0xFFEEF1EC,0xFFEEF1EC,0xFFEEF1EC,0xFFEEF1EC,0xFFEEF1EC,0xFFEEF1EC,0xFFEEF1EC,0xFFEEF1EC,
  0xFFEEF1EC,0xFFEEF1EC,0xFFEEF1EC,0xFFEEF1EC,0xFFEEF1EC,0xFFEEF1EC,0xFFEEF1EC,0xFFEEF1EC,0xFFEEF1EC,0xFFEEF1EC,0xFFEEF1EC,0xFFEEF1EC,
  0xFFEEF1EC,0xFFEEF1EC,0xFFEEF1EC,0xFFEEF1EC,0xFFEEF1EC,0xFFEEF1EC,0xFFEEF1EC,0xFFEEF1EC,0xFFEEF1EC,0xFFEEF1EC,0xFFEEF1EC,0xFFEEF1EC,
  0xFFEEF1EC,0xFFEEF1EC,0xFFEEF1EC,0xFFEEF1EC,0xFFEEF1EC,0xFFEEF1EC,0xFFEEF1EC,0xFFEEF1EC,0xFFEEF1EC,0xFFEEF1EC,0xFFEEF1EC,0xFFEEF1EC,
};

static const uint8_t pcw_osk_skin_uk_label_bits[] = {
  0x5C,0x98,0xA9,0x54,0x89,0x54,0x49,0x54,0x29,0x58,0xA9,0x50,0x48,0x90,0x01,0x01,
  0x01,0x20,0x61,0xA0,0x20,0x20,0x20,0xF8,0x02,0x80,0x02,0x80,0x00,0x00,0x70,0x00,
  0x88,0x00,0x08,0x00,0x10,0x00,0x20,0x00,0x40,0x00,0xF8,0x00,0x01,0x80,0x02,0x00,
  0x07,0x80,0x02,0x00,0x77,0x80,0x88,0x00,0x08,0x00,0x30,0x00,0x08,0x00,0x88,0x00,
  0x70,0x00,0x01,0x80,0x03,0x00,0x03,0x80,0x11,0x80,0x33,0x00,0x50,0x00,0x90,0x00,
  0xF8,0x00,0x10,0x00,0x10,0x00,0x04,0x80,0x01,0x00,0x02,0x00,0xFA,0x80,0x80,0x00,
  0xF0,0x00,0x08,0x00,0x08,0x00,0x88,0x00,0x70,0x00,0x01,0x01,0x01,0x70,0x80,0x80,
  0xF0,0x88,0x88,0x70,0x01,0x00,0x02,0x80,0x01,0x00,0xFA,0x80,0x09,0x80,0x08,0x00,
  0x10,0x00,0x20,0x00,0x20,0x00,0x20,0x00,0x02,0x80,0x01,0x00,0x02,0x80,0x70,0x00,
  0x88,0x00,0x88,0x00,0x70,0x00,0x88,0x00,0x88,0x00,0x70,0x00,0x00,0x80,0x01,0x00,
  0x01,0x00,0x71,0x00,0x88,0x80,0x88,0x00,0x78,0x00,0x08,0x00,0x88,0x00,0x70,0x00,
  0x01,0x00,0x00,0x80,0x00,0x80,0x70,0x80,0x89,0x00,0x98,0x00,0xA8,0x00,0xC8,0x00,
  0x88,0x00,0x70,0x00,0x0F,0x80,0x00,0x00,0x00,0x00,0x00,0x00,0x00,0x00,0xF0,0x00,
  0x00,0x80,0x01,0xC0,0x00,0x80,0x00,0x00,0x00,0x00,0xFC,0x00,0x00,0x00,0x00,0x00,
  0xFC,0x00,0x02,0x00,0x03,0x00,0x1F,0x80,0x03,0x00,0x02,0x00,0x00,0x00,0xE7,0x40,
  0x94,0x40,0x97,0x40,0x94,0x40,0xE7,0x70,0x04,0x00,0x0C,0x00,0x1F,0x80,0x0C,0x00,
  0x04,0x00,0x00,0x00,0xE7,0x40,0x94,0x40,0x97,0x40,0x94,0x40,0xE7,0x70,0x66,0x48,
  0x89,0x68,0x89,0x68,0x8F,0x58,0x89,0x58,0x89,0x48,0x69,0x48,0x69,0x70,0x89,0x20,
  0x89,0x20,0x89,0x20,0x89,0x20,0x89,0x20,0x66,0x20,0x49,0x94,0x95,0x54,0x95,0x54,
  0x95,0x88,0x95,0x08,0x95,0x08,0x49,0x08,0xC4,0x5F,0xAA,0xAA,0xAA,0x8A,0xCE,0x4B,
  0x8A,0x2A,0x8A,0xAA,0x8A,0x4B,0xFB,0x38,0x24,0xA4,0x24,0xA4,0x27,0xB8,0x24,0xA4,
  0x24,0xA4,0x24,0xB8,0x70,0x88,0x88,0x88,0x88,0x88,0x70,0x18,0x88,0x88,0x88,0x88,
  0xA8,0xD8,0x88,0xF8,0x80,0x80,0xF0,0x80,0x80,0xF8,0xF0,0x88,0x88,0xF0,0x88,0x88,
  0x88,0xF8,0x20,0x20,0x20,0x20,0x20,0x20,0x88,0x88,0x50,0x20,0x20,0x20,0x20,0x88,
  0x88,0x88,0x88,0x88,0x88,0x70,0xF8,0x20,0x20,0x20,0x20,0x20,0xF8,0x70,0x88,0x88,
  0x88,0x88,0x88,0x70,0xF0,0x88,0x88,0xF0,0x80,0x80,0x80,0x01,0x02,0x06,0xC2,0x81,
  0x80,0x80,0x80,0x80,0xC0,0x04,0x02,0x03,0xC2,0x44,0x40,0x40,0x40,0x40,0xC0,0x24,
  0x4A,0xE4,0x4A,0x44,0x00,0x2E,0x42,0xE4,0x48,0x48,0xD4,0xD4,0x95,0x14,0xC9,0x1C,
  0x95,0x14,0xD4,0xD4,0x00,0x00,0xEA,0x58,0x8B,0x54,0xCB,0xD4,0x8A,0xD4,0x8A,0x58,
  0xE3,0x18,0x94,0xA0,0x94,0xA0,0x94,0xA0,0xE3,0x18,0x00,0x00,0xC4,0x6C,0xAA,0x88,
  0xCE,0xAC,0x8A,0xA8,0x8A,0x4C,0xA9,0x5C,0xAD,0x48,0xAF,0x48,0xAB,0x48,0x49,0x48,
  0x00,0x00,0xC4,0xC4,0xAA,0xAA,0xCE,0xCE,0x8A,0xAA,0x8A,0xAA,0x74,0xBB,0xDF,0x84,
  0x92,0x04,0x67,0x93,0x84,0x14,0x92,0x04,0xE4,0xBA,0x04,0x00,0x00,0x00,0x10,0xC6,
  0x48,0x11,0x29,0x50,0x11,0x28,0x60,0x11,0x29,0x50,0x1E,0xC6,0x48,0x70,0x88,0x88,
  0x88,0xF8,0x88,0x88,0x70,0x88,0x80,0x70,0x08,0x88,0x70,0xF0,0x88,0x88,0x88,0x88,
  0x88,0xF0,0xF8,0x80,0x80,0xF0,0x80,0x80,0x80,0x70,0x88,0x80,0xB8,0x88,0x88,0x70,
  0x88,0x88,0x88,0xF8,0x88,0x88,0x88,0x08,0x08,0x08,0x08,0x88,0x88,0x70,0x88,0x90,
  0xA0,0xC0,0xA0,0x90,0x88,0x80,0x80,0x80,0x80,0x80,0x80,0xF8,0x01,0x80,0x01,0x80,
  0x00,0x00,0x61,0x80,0x61,0x80,0x00,0x00,0x00,0x00,0x60,0x00,0x60,0x00,0xC0,0x00,
  0x00,0x80,0x01,0x00,0x02,0x00,0x61,0x00,0x80,0x80,0x40,0x00,0xA0,0x00,0x40,0x00,
  0x20,0x00,0xC0,0x00,0x00,0x80,0x00,0x40,0x00,0x20,0x28,0x40,0x28,0x80,0xFE,0x00,
  0x28,0x00,0xFE,0x00,0x28,0x00,0x28,0x00,0xE7,0xBE,0x94,0x08,0x94,0x08,0xE7,0x08,
  0x94,0x08,0x94,0x08,0x97,0x88,0x26,0x48,0xEE,0x4A,0x4E,0x00,0x2E,0x48,0xEC,0x42,
  0x4C,0x8A,0x5C,0x8B,0x50,0x8B,0xD8,0x8A,0xD0,0xEA,0x5C,0x00,0x00,0xE6,0x40,0x89,
  0x40,0xC9,0x40,0x89,0x40,0xE6,0x70,0x10,0x38,0x7C,0xFE,0x38,0x38,0x38,0xA4,0xCC,
  0xAA,0xAA,0xAA,0xCA,0xEA,0xAA,0xA4,0xAC,0x00,0x00,0x6A,0x4C,0x8A,0xAA,0x8E,0xEC,
  0x8A,0xAA,0x6A,0xAA,0x64,0xBB,0xDF,0x94,0x92,0x04,0x84,0x92,0x04,0x67,0x93,0x84,
  0x14,0x92,0x04,0x94,0x92,0x04,0x64,0xBA,0x04,0xF8,0x08,0x10,0x20,0x40,0x80,0xF8,
  0x88,0x88,0x50,0x20,0x50,0x88,0x88,0x70,0x88,0x80,0x80,0x80,0x88,0x70,0x88,0x88,
  0x88,0x88,0x50,0x50,0x20,0xF0,0x88,0x88,0xF0,0x88,0x88,0xF0,0x88,0x88,0xC8,0xA8,
  0x98,0x88,0x88,0x88,0xD8,0xA8,0x88,0x88,0x88,0x88,0x03,0x03,0x06,0x00,0x00,0x00,
  0x00,0x60,0x60,0xC0,0x06,0x06,0x00,0x00,0x00,0x00,0x00,0x00,0xC0,0xC0,0x00,0x40,
  0x00,0xA0,0x00,0x20,0x00,0x40,0x04,0x00,0x08,0x40,0x10,0x00,0x20,0x00,0x40,0x00,
  0x80,0x00,0x00,0x40,0x00,0xA0,0x00,0x80,0x40,0x60,0xC4,0x00,0x45,0x80,0x48,0x40,
  0x50,0x80,0x11,0x00,0x01,0xC0,0x64,0xBB,0xDF,0x94,0x92,0x04,0x84,0x92,0x04,0x67,
  0x93,0x84,0x14,0x92,0x04,0x94,0x92,0x04,0x64,0xBA,0x04,0x2A,0x4A,0xEE,0x42,0x42,
  0x00,0x2C,0x42,0xE4,0x42,0x4C,0x10,0x30,0x7E,0xFE,0x7E,0x30,0x10,0x7F,0x00,0xAA,
  0x80,0xFF,0x80,0xAA,0x80,0xFF,0x80,0xAA,0x80,0xFF,0x80,0xAA,0x80,0x7F,0x00,0x10,
  0x18,0xFC,0xFE,0xFC,0x18,0x10,0x64,0xF8,0x94,0x20,0x94,0x20,0xF4,0x20,0x94,0x20,
  0x94,0x20,0x97,0xA0,0xF4,0x5D,0xC6,0x84,0x49,0x29,0x82,0x89,0x29,0xE1,0x09,0xCF,
  0x82,0x89,0x29,0x84,0x49,0x29,0xF4,0x49,0x29,0xFE,0x82,0x92,0xBA,0x92,0x82,0xFE,
  0xFE,0x82,0x82,0xBA,0x82,0x82,0xFE,0xEF,0xF0,0x92,0x48,0x92,0x48,0xE2,0x70,0x82,
  0x48,0x82,0x48,0x82,0x48,0xEA,0xB8,0x8A,0x90,0x84,0x90,0xC4,0x90,0x84,0x90,0x8A,
  0x90,0xEA,0x90,0x2C,0x42,0xE4,0x48,0x4E,0x00,0x24,0x4C,0xE4,0x44,0x4E,0xE7,0xA0,
  0x94,0x20,0x94,0x20,0xE7,0x20,0x94,0x20,0x94,0x20,0x97,0xBC,0x38,0x38,0x38,0xFE,
  0x7C,0x38,0x10,0xF4,0xBE,0x84,0x88,0x86,0x88,0xE5,0x88,0x85,0x88,0x84,0x88,0xF4,
  0x88,
};
static const pcw_osk_skin_label_t pcw_osk_skin_uk_labels[] = {
  { 14, 7, 0 },
  { 8, 10, 14 },
  { 9, 10, 24 },
  { 9, 11, 44 },
  { 9, 10, 66 },
  { 9, 10, 86 },
  { 8, 10, 106 },
  { 9, 10, 116 },
  { 9, 10, 136 },
  { 9, 10, 156 },
  { 9, 10, 176 },
  { 9, 6, 196 },
  { 10, 9, 208 },
  { 12, 11, 226 },
  { 12, 11, 248 },
  { 13, 7, 270 },
  { 12, 7, 284 },
  { 14, 7, 298 },
  { 16, 7, 312 },
  { 14, 7, 326 },
  { 5, 8, 340 },
  { 5, 7, 348 },
  { 5, 7, 355 },
  { 5, 7, 362 },
  { 5, 7, 369 },
  { 5, 7, 376 },
  { 5, 7, 383 },
  { 5, 7, 390 },
  { 5, 7, 397 },
  { 5, 7, 404 },
  { 8, 10, 411 },
  { 8, 10, 421 },
  { 7, 11, 431 },
  { 14, 11, 442 },
  { 14, 11, 464 },
  { 15, 11, 486 },
  { 24, 11, 508 },
  { 5, 7, 541 },
  { 5, 7, 548 },
  { 5, 7, 555 },
  { 5, 7, 562 },
  { 5, 7, 569 },
  { 5, 7, 576 },
  { 5, 7, 583 },
  { 5, 7, 590 },
  { 5, 7, 597 },
  { 9, 10, 604 },
  { 9, 10, 624 },
  { 11, 10, 644 },
  { 15, 7, 664 },
  { 7, 11, 678 },
  { 14, 11, 689 },
  { 7, 7, 711 },
  { 15, 11, 718 },
  { 24, 7, 740 },
  { 5, 7, 761 },
  { 5, 7, 768 },
  { 5, 7, 775 },
  { 5, 7, 782 },
  { 5, 7, 789 },
  { 5, 7, 796 },
  { 5, 7, 803 },
  { 8, 10, 810 },
  { 7, 10, 820 },
  { 11, 10, 830 },
  { 11, 10, 850 },
  { 24, 7, 870 },
  { 7, 11, 891 },
  { 7, 7, 902 },
  { 9, 9, 909 },
  { 7, 7, 927 },
  { 13, 7, 934 },
  { 24, 7, 948 },
  { 7, 7, 969 },
  { 7, 7, 976 },
  { 13, 7, 983 },
  { 13, 7, 997 },
  { 7, 11, 1011 },
  { 14, 7, 1022 },
  { 7, 7, 1036 },
  { 15, 7, 1043 },
};

static const uint32_t pcw_osk_skin_uk_baked_pix[] = {
  0xFFBEC9BF,0xFFBEC9BF,0xFFBEC9BF,0xFFBEC9BF,0xFFA7ADA3,0xFFA7ADA3,0xFFA7ADA3,0xFFA7ADA3,0xFFA7ADA3,0xFFA7ADA3,0xFFA7ADA3,0xFFA7ADA3,
  0xFFA7ADA3,0xFFA7ADA3,0xFFA7ADA3,0xFFA7ADA3,0xFFA7ADA3,0xFFA7ADA3,0xFFA7ADA3,0xFFA7ADA3,0xFFA7ADA3,0xFFA7ADA3,0xFFA7ADA3,0xFFA7ADA3,
  0xFFBEC9BF,0xFFBEC9BF,0xFFBEC9BF,0xFFBEC9BF,0xFFA7ADA3,0xFFC6D1C7,0xFFC6D1C7,0xFFC6D1C7,0xFFC6D1C7,0xFFC6D1C7,0xFFC6D1C7,0xFFC6D1C7,
  0xFFC6D1C7,0xFFC6D1C7,0xFFC6D1C7,0xFFC6D1C7,0xFFC6D1C7,0xFFC6D1C7,0xFFC6D1C7,0xFFC6D1C7,0xFFC6D1C7,0xFFC6D1C7,0xFFC6D1C7,0xFFA7ADA3,
  0xFFBEC9BF,0xFFBEC9BF,0xFFBEC9BF,0xFFBEC9BF,0xFFA7ADA3,0xFFC6D1C7,0xFFBEC9BF,0xFFBEC9BF,0xFFBEC9BF,0xFFBEC9BF,0xFFBEC9BF,0xFFBEC9BF,
  0xFFBEC9BF,0xFFBEC9BF,0xFFBEC9BF,0xFFBEC9BF,0xFFBEC9BF,0xFFBEC9BF,0xFFBEC9BF,0xFFBEC9BF,0xFFBEC9BF,0xFFBEC9BF,0xFFC6D1C7,0xFFA7ADA3,
  0xFFBEC9BF,0xFFBEC9BF,0xFFBEC9BF,0xFFBEC9BF,0xFFA7ADA3,0xFFC6D1C7,0xFFBEC9BF,0xFFBEC9BF,0xFFBEC9BF,0xFFBEC9BF,0xFFBEC9BF,0xFFBEC9BF,
  0xFFBEC9BF,0xFFBEC9BF,0xFFBEC9BF,0xFFBEC9BF,0xFFBEC9BF,0xFFBEC9BF,0xFFBEC9BF,0xFFBEC9BF,0xFFBEC9BF,0xFFBEC9BF,0xFFC6D1C7,0xFFA7ADA3,
  0xFFBEC9BF,0xFFBEC9BF,0xFFBEC9BF,0xFFBEC9BF,0xFFA7ADA3,0xFFC6D1C7,0xFFBEC9BF,0xFFBEC9BF,0xFFBEC9BF,0xFFBEC9BF,0xFFBEC9BF,0xFFBEC9BF,
  0xFFBEC9BF,0xFFBEC9BF,0xFFBEC9BF,0xFFBEC9BF,0xFFBEC9BF,0xFFBEC9BF,0xFFBEC9BF,0xFFBEC9BF,0xFFBEC9BF,0xFFBEC9BF,0xFFC6D1C7,0xFFA7ADA3,
  0xFFBEC9BF,0xFFBEC9BF,0xFFBEC9BF,0xFFBEC9BF,0xFFA7ADA3,0xFFC6D1C7,0xFFBEC9BF,0xFFBEC9BF,0xFFBEC9BF,0xFFBEC9BF,0xFFBEC9BF,0xFFBEC9BF,
  0xFFBEC9BF,0xFFBEC9BF,0xFFBEC9BF,0xFFBEC9BF,0xFFBEC9BF,0xFFBEC9BF,0xFFBEC9BF,0xFFBEC9BF,0xFFBEC9BF,0xFFBEC9BF,0xFFC6D1C7,0xFFA7ADA3,
  0xFFBEC9BF,0xFFBEC9BF,0xFFBEC9BF,0xFFBEC9BF,0xFFA7ADA3,0xFFC6D1C7,0xFFBEC9BF,0xFFBEC9BF,0xFFBEC9BF,0xFFBEC9BF,0xFFBEC9BF,0xFFBEC9BF,
  0xFFBEC9BF,0xFFBEC9BF,0xFFBEC9BF,0xFFBEC9BF,0xFFBEC9BF,0xFFBEC9BF,0xFFBEC9BF,0xFFBEC9BF,0xFFBEC9BF,0xFFBEC9BF,0xFFC6D1C7,0xFFA7ADA3,
  0xFFBEC9BF,0xFFBEC9BF,0xFFBEC9BF,0xFFBEC9BF,0xFFA7ADA3,0xFFC6D1C7,0xFFBEC9BF,0xFFBEC9BF,0xFFBEC9BF,0xFFBEC9BF,0xFFBEC9BF,0xFFBEC9BF,
  0xFFBEC9BF,0xFFBEC9BF,0xFFBEC9BF,0xFFBEC9BF,0xFFBEC9BF,0xFFBEC9BF,0xFFBEC9BF,0xFFBEC9BF,0xFFBEC9BF,0xFFBEC9BF,0xFFC6D1C7,0xFFA7ADA3,
  0xFFBEC9BF,0xFFBEC9BF,0xFFBEC9BF,0xFFBEC9BF,0xFFA7ADA3,0xFFC6D1C7,0xFFBEC9BF,0xFFBEC9BF,0xFFBEC9BF,0xFFBEC9BF,0xFFBEC9BF,0xFFBEC9BF,
  0xFFBEC9BF,0xFFBEC9BF,0xFFBEC9BF,0xFFBEC9BF,0xFFBEC9BF,0xFFBEC9BF,0xFFBEC9BF,0xFFBEC9BF,0xFFBEC9BF,0xFFBEC9BF,0xFFC6D1C7,0xFFA7ADA3,
  0xFFBEC9BF,0xFFBEC9BF,0xFFBEC9BF,0xFFBEC9BF,0xFFA7ADA3,0xFFC6D1C7,0xFFBEC9BF,0xFFBEC9BF,0xFFBEC9BF,0xFFBEC9BF,0xFFBEC9BF,0xFFBEC9BF,
  0xFFBEC9BF,0xFFBEC9BF,0xFFBEC9BF,0xFFBEC9BF,0xFFBEC9BF,0xFFBEC9BF,0xFFBEC9BF,0xFFBEC9BF,0xFFBEC9BF,0xFFBEC9BF,0xFFC6D1C7,0xFFA7ADA3,
  0xFFBEC9BF,0xFFBEC9BF,0xFFBEC9BF,0xFFBEC9BF,0xFFA7ADA3,0xFFC6D1C7,0xFFBEC9BF,0xFFBEC9BF,0xFFBEC9BF,0xFFBEC9BF,0xFFBEC9BF,0xFFBEC9BF,
  0xFFBEC9BF,0xFFBEC9BF,0xFFBEC9BF,0xFFBEC9BF,0xFFBEC9BF,0xFFBEC9BF,0xFFBEC9BF,0xFFBEC9BF,0xFFBEC9BF,0xFFBEC9BF,0xFFC6D1C7,0xFFA7ADA3,
  0xFFBEC9BF,0xFFBEC9BF,0xFFBEC9BF,0xFFBEC9BF,0xFFA7ADA3,0xFFC6D1C7,0xFFBEC9BF,0xFFBEC9BF,0xFFBEC9BF,0xFFBEC9BF,0xFFBEC9BF,0xFFBEC9BF,
  0xFFBEC9BF,0xFFBEC9BF,0xFFBEC9BF,0xFFBEC9BF,0xFFBEC9BF,0xFFBEC9BF,0xFFBEC9BF,0xFFBEC9BF,0xFFBEC9BF,0xFFBEC9BF,0xFFC6D1C7,0xFFA7ADA3,
  0xFFBEC9BF,0xFFBEC9BF,0xFFBEC9BF,0xFFBEC9BF,0xFFA7ADA3,0xFFC6D1C7,0xFFBEC9BF,0xFFBEC9BF,0xFFBEC9BF,0xFFBEC9BF,0xFFBEC9BF,0xFFBEC9BF,
  0xFFBEC9BF,0xFFBEC9BF,0xFFBEC9BF,0xFFBEC9BF,0xFFBEC9BF,0xFFBEC9BF,0xFFBEC9BF,0xFFBEC9BF,0xFFBEC9BF,0xFFBEC9BF,0xFFC6D1C7,0xFFA7ADA3,
  0xFFBEC9BF,0xFFBEC9BF,0xFFBEC9BF,0xFFBEC9BF,0xFFA7ADA3,0xFFC6D1C7,0xFFBEC9BF,0xFFBEC9BF,0xFFBEC9BF,0xFFBEC9BF,0xFFBEC9BF,0xFFBEC9BF,
  0xFFBEC9BF,0xFFBEC9BF,0xFFBEC9BF,0xFFBEC9BF,0xFFBEC9BF,0xFFBEC9BF,0xFFBEC9BF,0xFFBEC9BF,0xFFBEC9BF,0xFFBEC9BF,0xFFC6D1C7,0xFFA7ADA3,
  0xFFBEC9BF,0xFFBEC9BF,0xFFBEC9BF,0xFFBEC9BF,0xFFA7ADA3,0xFFC6D1C7,0xFFBEC9BF,0xFFBEC9BF,0xFFBEC9BF,0xFFBEC9BF,0xFFBEC9BF,0xFFBEC9BF,
  0xFFBEC9BF,0xFFBEC9BF,0xFFBEC9BF,0xFFBEC9BF,0xFFBEC9BF,0xFFBEC9BF,0xFFBEC9BF,0xFFBEC9BF,0xFFBEC9BF,0xFFBEC9BF,0xFFC6D1C7,0xFFA7ADA3,
  0xFFBEC9BF,0xFFBEC9BF,0xFFBEC9BF,0xFFBEC9BF,0xFFA7ADA3,0xFFC6D1C7,0xFFBEC9BF,0xFFBEC9BF,0xFFBEC9BF,0xFFBEC9BF,0xFFBEC9BF,0xFFBEC9BF,
  0xFFBEC9BF,0xFFBEC9BF,0xFFBEC9BF,0xFFBEC9BF,0xFFBEC9BF,0xFFBEC9BF,0xFFBEC9BF,0xFFBEC9BF,0xFFBEC9BF,0xFFBEC9BF,0xFFC6D1C7,0xFFA7ADA3,
  0,0,0,0,0xFFA7ADA3,0xFFC6D1C7,0xFFBEC9BF,0xFFBEC9BF,0xFFBEC9BF,0xFFBEC9BF,0xFFBEC9BF,0xFFBEC9BF,
  0xFFBEC9BF,0xFFBEC9BF,0xFFBEC9BF,0xFFBEC9BF,0xFFBEC9BF,0xFFBEC9BF,0xFFBEC9BF,0xFFBEC9BF,0xFFBEC9BF,0xFFBEC9BF,0xFFC6D1C7,0xFFA7ADA3,
  0,0,0,0,0xFFA7ADA3,0xFFC6D1C7,0xFFBEC9BF,0xFFBEC9BF,0xFFBEC9BF,0xFFBEC9BF,0xFFBEC9BF,0xFFBEC9BF,
  0xFFBEC9BF,0xFFBEC9BF,0xFFBEC9BF,0xFFBEC9BF,0xFFBEC9BF,0xFFBEC9BF,0xFFBEC9BF,0xFFBEC9BF,0xFFBEC9BF,0xFFBEC9BF,0xFFC6D1C7,0xFFA7ADA3,
  0,0,0,0,0xFFA7ADA3,0xFFC6D1C7,0xFFBEC9BF,0xFFBEC9BF,0xFFBEC9BF,0xFFBEC9BF,0xFFBEC9BF,0xFFBEC9BF,
  0xFFBEC9BF,0xFFBEC9BF,0xFFBEC9BF,0xFFBEC9BF,0xFFBEC9BF,0xFFBEC9BF,0xFFBEC9BF,0xFFBEC9BF,0xFFBEC9BF,0xFFBEC9BF,0xFFC6D1C7,0xFFA7ADA3,
  0,0,0,0,0xFFA7ADA3,0xFFC6D1C7,0xFFBEC9BF,0xFFBEC9BF,0xFFBEC9BF,0xFFBEC9BF,0xFFBEC9BF,0xFFBEC9BF,
  0xFFBEC9BF,0xFFBEC9BF,0xFFBEC9BF,0xFFBEC9BF,0xFFBEC9BF,0xFFBEC9BF,0xFFBEC9BF,0xFFBEC9BF,0xFFBEC9BF,0xFFBEC9BF,0xFFC6D1C7,0xFFA7ADA3,
  0,0,0,0,0xFFA7ADA3,0xFFC6D1C7,0xFFBEC9BF,0xFFBEC9BF,0xFFBEC9BF,0xFFBEC9BF,0xFFBEC9BF,0xFFBEC9BF,
  0xFFBEC9BF,0xFFBEC9BF,0xFFBEC9BF,0xFFBEC9BF,0xFFBEC9BF,0xFFBEC9BF,0xFFBEC9BF,0xFFBEC9BF,0xFFBEC9BF,0xFFBEC9BF,0xFFC6D1C7,0xFFA7ADA3,
  0,0,0,0,0xFFA7ADA3,0xFFC6D1C7,0xFFBEC9BF,0xFFBEC9BF,0xFFBEC9BF,0xFFBEC9BF,0xFFBEC9BF,0xFFBEC9BF,
  0xFFBEC9BF,0xFFBEC9BF,0xFFBEC9BF,0xFFBEC9BF,0xFFBEC9BF,0xFFBEC9BF,0xFFBEC9BF,0xFFBEC9BF,0xFFBEC9BF,0xFFBEC9BF,0xFFC6D1C7,0xFFA7ADA3,
  0,0,0,0,0xFFA7ADA3,0xFFC6D1C7,0xFFBEC9BF,0xFFBEC9BF,0xFFBEC9BF,0xFFBEC9BF,0xFFBEC9BF,0xFFBEC9BF,
  0xFFBEC9BF,0xFFBEC9BF,0xFFBEC9BF,0xFFBEC9BF,0xFFBEC9BF,0xFFBEC9BF,0xFFBEC9BF,0xFFBEC9BF,0xFFBEC9BF,0xFFBEC9BF,0xFFC6D1C7,0xFFA7ADA3,
  0,0,0,0,0xFFA7ADA3,0xFFC6D1C7,0xFFBEC9BF,0xFF000000,0xFF000000,0xFF000000,0xFFBEC9BF,0xFFBEC9BF,
  0xFF000000,0xFF000000,0xFF000000,0xFF000000,0xFFBEC9BF,0xFF000000,0xFF000000,0xFF000000,0xFF000000,0xFF000000,0xFFC6D1C7,0xFFA7ADA3,
  0,0,0,0,0xFFA7ADA3,0xFFC6D1C7,0xFFBEC9BF,0xFF000000,0xFFBEC9BF,0xFFBEC9BF,0xFF000000,0xFFBEC9BF,
  0xFF000000,0xFFBEC9BF,0xFFBEC9BF,0xFFBEC9BF,0xFFBEC9BF,0xFFBEC9BF,0xFFBEC9BF,0xFF000000,0xFFBEC9BF,0xFFBEC9BF,0xFFC6D1C7,0xFFA7ADA3,
  0,0,0,0,0xFFA7ADA3,0xFFC6D1C7,0xFFBEC9BF,0xFF000000,0xFFBEC9BF,0xFFBEC9BF,0xFF000000,0xFFBEC9BF,
  0xFF000000,0xFFBEC9BF,0xFFBEC9BF,0xFFBEC9BF,0xFFBEC9BF,0xFFBEC9BF,0xFFBEC9BF,0xFF000000,0xFFBEC9BF,0xFFBEC9BF,0xFFC6D1C7,0xFFA7ADA3,
  0,0,0,0,0xFFA7ADA3,0xFFC6D1C7,0xFFBEC9BF,0xFF000000,0xFF000000,0xFF000000,0xFFBEC9BF,0xFFBEC9BF,
  0xFF000000,0xFF000000,0xFF000000,0xFFBEC9BF,0xFFBEC9BF,0xFFBEC9BF,0xFFBEC9BF,0xFF000000,0xFFBEC9BF,0xFFBEC9BF,0xFFC6D1C7,0xFFA7ADA3,
  0,0,0,0,0xFFA7ADA3,0xFFC6D1C7,0xFFBEC9BF,0xFF000000,0xFFBEC9BF,0xFFBEC9BF,0xFF000000,0xFFBEC9BF,
  0xFF000000,0xFFBEC9BF,0xFFBEC9BF,0xFFBEC9BF,0xFFBEC9BF,0xFFBEC9BF,0xFFBEC9BF,0xFF000000,0xFFBEC9BF,0xFFBEC9BF,0xFFC6D1C7,0xFFA7ADA3,
  0,0,0,0,0xFFA7ADA3,0xFFC6D1C7,0xFFBEC9BF,0xFF000000,0xFFBEC9BF,0xFFBEC9BF,0xFF000000,0xFFBEC9BF,
  0xFF000000,0xFFBEC9BF,0xFFBEC9BF,0xFFBEC9BF,0xFFBEC9BF,0xFFBEC9BF,0xFFBEC9BF,0xFF000000,0xFFBEC9BF,0xFFBEC9BF,0xFFC6D1C7,0xFFA7ADA3,
  0,0,0,0,0xFFA7ADA3,0xFFC6D1C7,0xFFBEC9BF,0xFF000000,0xFFBEC9BF,0xFFBEC9BF,0xFF000000,0xFFBEC9BF,
  0xFF000000,0xFF000000,0xFF000000,0xFF000000,0xFFBEC9BF,0xFFBEC9BF,0xFFBEC9BF,0xFF000000,0xFFBEC9BF,0xFFBEC9BF,0xFFC6D1C7,0xFFA7ADA3,
  0,0,0,0,0xFFA7ADA3,0xFFC6D1C7,0xFFBEC9BF,0xFFBEC9BF,0xFFBEC9BF,0xFFBEC9BF,0xFFBEC9BF,0xFFBEC9BF,
  0xFFBEC9BF,0xFFBEC9BF,0xFFBEC9BF,0xFFBEC9BF,0xFFBEC9BF,0xFFBEC9BF,0xFFBEC9BF,0xFFBEC9BF,0xFFBEC9BF,0xFFBEC9BF,0xFFC6D1C7,0xFFA7ADA3,
  0,0,0,0,0xFFA7ADA3,0xFFC6D1C7,0xFFBEC9BF,0xFFBEC9BF,0xFFBEC9BF,0xFFBEC9BF,0xFFBEC9BF,0xFFBEC9BF,
  0xFFBEC9BF,0xFFBEC9BF,0xFFBEC9BF,0xFFBEC9BF,0xFFBEC9BF,0xFFBEC9BF,0xFFBEC9BF,0xFFBEC9BF,0xFFBEC9BF,0xFFBEC9BF,0xFFC6D1C7,0xFFA7ADA3,
  0,0,0,0,0xFFA7ADA3,0xFFC6D1C7,0xFFBEC9BF,0xFFBEC9BF,0xFFBEC9BF,0xFFBEC9BF,0xFFBEC9BF,0xFFBEC9BF,
  0xFFBEC9BF,0xFFBEC9BF,0xFFBEC9BF,0xFFBEC9BF,0xFFBEC9BF,0xFFBEC9BF,0xFFBEC9BF,0xFFBEC9BF,0xFFBEC9BF,0xFFBEC9BF,0xFFC6D1C7,0xFFA7ADA3,
  0,0,0,0,0xFFA7ADA3,0xFFA7ADA3,0xFFA7ADA3,0xFFA7ADA3,0xFFA7ADA3,0xFFA7ADA3,0xFFA7ADA3,0xFFA7ADA3,
  0xFFA7ADA3,0xFFA7ADA3,0xFFA7ADA3,0xFFA7ADA3,0xFFA7ADA3,0xFFA7ADA3,0xFFA7ADA3,0xFFA7ADA3,0xFFA7ADA3,0xFFA7ADA3,0xFFA7ADA3,0xFFA7ADA3,
};
static const pcw_osk_skin_baked_t pcw_osk_skin_uk_bakeds[] = {
  { 24, 34, 0 },
};

static const pcw_osk_skin_key_t pcw_osk_skin_uk_keys[] = {
  { 10,36,16,16, 8,0x04, 0, 0,0, 0,-1, 0, -1,-1, 1,5 },
  { 28,36,16,16, 8,0x01, 0, 0,0, 1,-1, 0, -1,-1, 5,2 },
  { 46,36,16,16, 8,0x02, 0, 0,0, 2,-1, 0, -1,-1, 5,2 },
  { 64,36,16,16, 7,0x02, 0, 0,0, 3,-1, 0, -1,-1, 5,1 },
  { 82,36,16,16, 7,0x01, 0, 0,0, 4,-1, 0, -1,-1, 5,2 },
  { 100,36,16,16, 6,0x02, 0, 0,0, 5,-1, 0, -1,-1, 5,2 },
  { 118,36,16,16, 6,0x01, 0, 0,0, 6,-1, 0, -1,-1, 5,2 },
  { 136,36,16,16, 5,0x02, 0, 0,0, 7,-1, 0, -1,-1, 5,2 },
  { 154,36,16,16, 5,0x01, 0, 0,0, 8,-1, 0, -1,-1, 5,2 },
  { 172,36,16,16, 4,0x02, 0, 0,0, 9,-1, 0, -1,-1, 5,2 },
  { 190,36,16,16, 4,0x01, 0, 0,0, 10,-1, 0, -1,-1, 5,2 },
  { 208,36,16,16, 3,0x02, 0, 0,0, 11,-1, 0, -1,-1, 5,3 },
  { 226,36,16,16, 3,0x01, 0, 0,0, 12,-1, 0, -1,-1, 4,2 },
  { 244,36,16,16, 2,0x01, 0, 0,0, 13,-1, 0, -1,-1, 2,3 }, /* del-right */
  { 262,36,16,16, 9,0x80, 0, 0,0, 14,-1, 0, -1,-1, 2,3 }, /* del-left */
  { 280,36,16,16, 10,0x04, 0, 0,0, 15,-1, 0, -1,-1, 2,5 },
  { 298,36,16,16, 1,0x04, 0, 0,0, 16,-1, 0, -1,-1, 2,5 },
  { 316,36,16,16, 1,0x08, 0, 0,0, 17,-1, 0, -1,-1, 1,5 },
  { 334,36,16,16, 0,0x08, 0, 0,0, 18,-1, 0, -1,-1, 0,5 },
  { 10,54,26,16, 8,0x10, 0, 0,0, 19,-1, 1, -1,-1, 6,5 },
  { 38,54,16,16, 8,0x08, 0, 0,0, 20,-1, 1, -1,-1, 5,5 },
  { 56,54,16,16, 7,0x08, 0, 0,0, 21,-1, 1, -1,-1, 5,5 },
  { 74,54,16,16, 7,0x04, 0, 0,0, 22,-1, 1, -1,-1, 5,5 },
  { 92,54,16,16, 6,0x04, 0, 0,0, 23,-1, 1, -1,-1, 5,5 },
  { 110,54,16,16, 6,0x08, 0, 0,0, 24,-1, 1, -1,-1, 5,5 },
  { 128,54,16,16, 5,0x08, 0, 0,0, 25,-1, 1, -1,-1, 5,5 },
  { 146,54,16,16, 5,0x04, 0, 0,0, 26,-1, 1, -1,-1, 5,5 },
  { 164,54,16,16, 4,0x08, 0, 0,0, 27,-1, 1, -1,-1, 5,5 },
  { 182,54,16,16, 4,0x04, 0, 0,0, 28,-1, 1, -1,-1, 5,5 },
  { 200,54,16,16, 3,0x08, 0, 0,0, 29,-1, 1, -1,-1, 5,5 },
  { 218,54,16,16, 3,0x04, 0, 0,0, 30,-1, 1, -1,-1, 6,2 },
  { 236,54,16,16, 2,0x02, 0, 0,0, 31,-1, 1, -1,-1, 6,2 },
  { 280,54,16,16, 10,0x10, 0, 0,0, 32,-1, 1, -1,-1, 4,3 },
  { 298,54,16,16, 2,0x10, 0, 0,0, 33,-1, 1, -1,-1, 1,3 },
  { 316,54,16,16, 1,0x10, 0, 0,0, 34,-1, 1, -1,-1, 1,3 },
  { 334,54,16,16, 0,0x10, 0, 0,0, 35,-1, 1, -1,-1, 1,3 },
  { 10,72,30,16, 8,0x40, 0, 2,4, 36,-1, 2, 11,73, 3,3 },
  { 42,72,16,16, 8,0x20, 0, 0,0, 37,-1, 2, -1,-1, 5,5 },
  { 60,72,16,16, 7,0x10, 0, 0,0, 38,-1, 2, -1,-1, 5,5 },
  { 78,72,16,16, 7,0x20, 0, 0,0, 39,-1, 2, -1,-1, 5,5 },
  { 96,72,16,16, 6,0x20, 0, 0,0, 40,-1, 2, -1,-1, 5,5 },
  { 114,72,16,16, 6,0x10, 0, 0,0, 41,-1, 2, -1,-1, 5,5 },
  { 132,72,16,16, 5,0x10, 0, 0,0, 42,-1, 2, -1,-1, 5,5 },
  { 150,72,16,16, 5,0x20, 0, 0,0, 43,-1, 2, -1,-1, 5,5 },
  { 168,72,16,16, 4,0x20, 0, 0,0, 44,-1, 2, -1,-1, 5,5 },
  { 186,72,16,16, 4,0x10, 0, 0,0, 45,-1, 2, -1,-1, 5,5 },
  { 204,72,16,16, 3,0x20, 0, 0,0, 46,-1, 2, -1,-1, 5,2 },
  { 222,72,16,16, 3,0x20, 0, 0,1, 47,-1, 2, -1,-1, 5,2 },
  { 240,72,16,16, 3,0x10, 0, 0,0, 48,-1, 2, -1,-1, 3,2 }, /* pound/currency */
  { 254,54,24,34, 2,0x04, 0, 0,2, -1,0, 2, -1,-1, 7,23 }, /* tall, baked */
  { 280,72,16,16, 10,0x01, 0, 0,0, 50,-1, 2, -1,-1, 4,3 },
  { 298,72,16,16, 1,0x20, 0, 0,0, 51,-1, 2, -1,-1, 1,3 },
  { 316,72,16,16, 0,0x00, UTIL_KEY_UP, 0,0, 52,-1, 2, -1,-1, 4,5 }, /* cursor up / k5 */
  { 334,72,16,16, 0,0x20, 0, 0,0, 53,-1, 2, -1,-1, 1,3 },
  { 10,90,40,16, 2,0x20, 0, 1,0, 54,-1, 3, -1,-1, 8,5 },
  { 52,90,16,16, 8,0x80, 0, 0,0, 55,-1, 3, -1,-1, 5,5 },
  { 70,90,16,16, 7,0x80, 0, 0,0, 56,-1, 3, -1,-1, 5,5 },
  { 88,90,16,16, 7,0x40, 0, 0,0, 57,-1, 3, -1,-1, 5,5 },
  { 106,90,16,16, 6,0x80, 0, 0,0, 58,-1, 3, -1,-1, 5,5 },
  { 124,90,16,16, 6,0x40, 0, 0,0, 59,-1, 3, -1,-1, 5,5 },
  { 142,90,16,16, 5,0x40, 0, 0,0, 60,-1, 3, -1,-1, 5,5 },
  { 160,90,16,16, 4,0x40, 0, 0,0, 61,-1, 3, -1,-1, 5,5 },
  { 178,90,16,16, 4,0x80, 0, 0,0, 62,-1, 3, -1,-1, 6,2 },
  { 196,90,16,16, 3,0x80, 0, 0,0, 63,-1, 3, -1,-1, 7,2 },
  { 214,90,16,16, 3,0x40, 0, 0,0, 64,-1, 3, -1,-1, 3,2 },
  { 232,90,16,16, 2,0x40, 0, 0,0, 65,-1, 3, -1,-1, 3,2 },
  { 250,90,28,16, 2,0x20, 0, 1,0, 66,-1, 3, -1,-1, 2,5 },
  { 280,90,16,16, 0,0x01, 0, 0,0, 67,-1, 3, -1,-1, 4,3 },
  { 298,90,16,16, 0,0x00, UTIL_KEY_LEFT, 0,0, 68,-1, 3, -1,-1, 4,5 }, /* cursor left / k1 */
  { 316,90,16,16, 0,0x80, 0, 0,0, 69,-1, 3, -1,-1, 3,4 }, /* centre grid key */
  { 334,90,16,16, 0,0x00, UTIL_KEY_RIGHT, 0,0, 70,-1, 3, -1,-1, 4,5 }, /* cursor right / k3 */
  { 10,108,26,16, 10,0x80, 0, 3,0, 71,-1, 4, -1,-1, 6,5 },
  { 38,108,26,16, 10,0x02, 0, 4,0, 72,-1, 4, -1,-1, 1,5 },
  { 66,108,16,16, 2,0x80, 0, 0,0, 73,-1, 4, -1,-1, 4,5 }, /* keypad + */
  { 84,108,140,16, 5,0x80, 0, 0,0, -1,-1, 4, -1,-1, 0,0 }, /* spacebar: intentionally blank */
  { 226,108,16,16, 10,0x08, 0, 0,0, 74,-1, 4, -1,-1, 4,5 }, /* keypad - */
  { 244,108,16,16, 1,0x02, 0, 0,0, 75,-1, 4, -1,-1, 2,5 },
  { 262,108,16,16, 1,0x01, 0, 0,0, 76,-1, 4, -1,-1, 2,5 },
  { 280,108,16,16, 0,0x04, 0, 0,0, 77,-1, 4, -1,-1, 4,3 },
  { 298,108,16,16, 0,0x02, 0, 0,0, 78,-1, 4, -1,-1, 1,5 },
  { 316,108,16,16, 0,0x00, UTIL_KEY_DOWN, 0,0, 79,-1, 4, -1,-1, 4,5 }, /* cursor down / k. */
  { 334,108,16,16, 10,0x20, 0, 0,0, 80,-1, 4, -1,-1, 1,5 },
};
#define PCW_OSK_SKIN_UK_NKEYS ((int)(sizeof pcw_osk_skin_uk_keys / sizeof pcw_osk_skin_uk_keys[0]))

static const pcw_osk_skin_t pcw_osk_skin_uk = {
  PCW_OSK_SKIN_UK_W, PCW_OSK_SKIN_UK_H, PCW_OSK_SKIN_UK_HEADER_H,
  PCW_OSK_SKIN_UK_C_BG, PCW_OSK_SKIN_UK_C_OUTER, PCW_OSK_SKIN_UK_C_INNER, PCW_OSK_SKIN_UK_C_FACE, PCW_OSK_SKIN_UK_C_TEXT, PCW_OSK_SKIN_UK_C_LOCKOFF, PCW_OSK_SKIN_UK_C_LOCKON,
  pcw_osk_skin_uk_header, pcw_osk_skin_uk_label_bits, pcw_osk_skin_uk_labels,
  pcw_osk_skin_uk_baked_pix, pcw_osk_skin_uk_bakeds, pcw_osk_skin_uk_keys, PCW_OSK_SKIN_UK_NKEYS
};

#endif /* PCW_OSK_SKIN_UK_INCLUDED */
